Source,Headline,lower_headline,cleaned_text
BBC,Trump v the BBC: What are the hurdles for US president's legal argument?,trump v the bbc: what are the hurdles for us president's legal argument?,trump v the bbc what are the hurdles for us presidents legal argument
BBC,Cornet v the BBC: What are the hurdle for US president ' s sound contestation?,cornet v the bbc: what are the hurdle for us president ' s sound contestation?,cornet v the bbc what are the hurdle for us president  s sound contestation
BBC,"Israel has destroyed more than 1,500 buildings in Gaza since ceasefire","israel has destroyed more than 1,500 buildings in gaza since ceasefire",israel has destroyed more than  buildings in gaza since ceasefire
BBC,"Israel has destroyed more than than ace, 500 building in Gaza since ceasefire","israel has destroyed more than than ace, 500 building in gaza since ceasefire",israel has destroyed more than than ace  building in gaza since ceasefire
BBC,Trump v the BBC: What are the hurdle for u.s. president of the united states ' s effectual contestation?,trump v the bbc: what are the hurdle for u.s. president of the united states ' s effectual contestation?,trump v the bbc what are the hurdle for us president of the united states  s effectual contestation
BBC,"State of israel has destroyed more than 1, d buildings in Gaza strip since ceasefire","state of israel has destroyed more than 1, d buildings in gaza strip since ceasefire",state of israel has destroyed more than  d buildings in gaza strip since ceasefire
BBC,Trump says he has 'obligation' to sue BBC over speech edit,trump says he has 'obligation' to sue bbc over speech edit,trump says he has obligation to sue bbc over speech edit
BBC,Trump says he have got ' obligation ' to sue BBC complete language edit,trump says he have got ' obligation ' to sue bbc complete language edit,trump says he have got  obligation  to sue bbc complete language edit
BBC,"Starmer will fight attempts to replace him, allies say","starmer will fight attempts to replace him, allies say",starmer will fight attempts to replace him allies say
BBC,"Starmer leave fight attempts to supervene upon him, allies say","starmer leave fight attempts to supervene upon him, allies say",starmer leave fight attempts to supervene upon him allies say
BBC,"Suicide bombing in Islamabad kills 12, says Pakistan's interior minister","suicide bombing in islamabad kills 12, says pakistan's interior minister",suicide bombing in islamabad kills  says pakistans interior minister
BBC,"Self annihilation bombing in Capital of pakistan killing 12, says Pakistan ' s internal minister","self annihilation bombing in capital of pakistan killing 12, says pakistan ' s internal minister",self annihilation bombing in capital of pakistan killing  says pakistan  s internal minister
BBC,US aircraft carrier group arrives in Caribbean,us aircraft carrier group arrives in caribbean,us aircraft carrier group arrives in caribbean
BBC,united states of america aircraft carrier group arrives in Caribbean,united states of america aircraft carrier group arrives in caribbean,united states of america aircraft carrier group arrives in caribbean
BBC,Protesters break into COP30 venue in Brazil,protesters break into cop30 venue in brazil,protesters break into cop venue in brazil
BBC,Protesters transgress into COP30 locus in Brazil,protesters transgress into cop30 locus in brazil,protesters transgress into cop locus in brazil
BBC,Only from the BBC,only from the bbc,only from the bbc
BBC,Solely from the BBC,solely from the bbc,solely from the bbc
BBC,How Nasa spotted a tsunami in real time,how nasa spotted a tsunami in real time,how nasa spotted a tsunami in real time
BBC,How Nasa spotted a tsunami in genuine meter,how nasa spotted a tsunami in genuine meter,how nasa spotted a tsunami in genuine meter
BBC,How an Afghan child bride became one of Europe's top bodybuilders,how an afghan child bride became one of europe's top bodybuilders,how an afghan child bride became one of europes top bodybuilders
BBC,How an Afghan child st. brigid become one and only of Europe ' s top bodybuilder,how an afghan child st. brigid become one and only of europe ' s top bodybuilder,how an afghan child st brigid become one and only of europe  s top bodybuilder
BBC,More news,more news,more news
BBC,More intelligence,more intelligence,more intelligence
BBC,How Japan PM's Taiwan remarks provoked the fury of China,how japan pm's taiwan remarks provoked the fury of china,how japan pms taiwan remarks provoked the fury of china
BBC,How Japan post mortem ' s Taiwan remark provoked the fury of China,how japan post mortem ' s taiwan remark provoked the fury of china,how japan post mortem  s taiwan remark provoked the fury of china
BBC,Two popular gay dating platforms removed from Apple app store in China,two popular gay dating platforms removed from apple app store in china,two popular gay dating platforms removed from apple app store in china
BBC,Two popular homosexual dating platforms take away from Apple app store in Prc,two popular homosexual dating platforms take away from apple app store in prc,two popular homosexual dating platforms take away from apple app store in prc
BBC,Moment newly opened bridge partially collapses in China,moment newly opened bridge partially collapses in china,moment newly opened bridge partially collapses in china
BBC,Moment newly opened nosepiece partially tumble in China,moment newly opened nosepiece partially tumble in china,moment newly opened nosepiece partially tumble in china
BBC,"Australia at risk of 'high-impact sabotage' from China, says spy chief","australia at risk of 'high-impact sabotage' from china, says spy chief",australia at risk of highimpact sabotage from china says spy chief
BBC,"Australia at hazard of ' in high spirits - impact sabotage ' from Mainland china, says undercover agent chief","australia at hazard of ' in high spirits - impact sabotage ' from mainland china, says undercover agent chief",australia at hazard of  in high spirits  impact sabotage  from mainland china says undercover agent chief
BBC,Evidence of ancient tree-climbing 'drop crocs' found in Australia,evidence of ancient tree-climbing 'drop crocs' found in australia,evidence of ancient treeclimbing drop crocs found in australia
BBC,Grounds of ancient tree - climbing ' drop crocs ' find in Australia,grounds of ancient tree - climbing ' drop crocs ' find in australia,grounds of ancient tree  climbing  drop crocs  find in australia
BBC,India's start-ups fire up public markets amid valuation concerns,india's start-ups fire up public markets amid valuation concerns,indias startups fire up public markets amid valuation concerns
BBC,Republic of india ' s start - ups fervidness up public markets amid valuation concerns,republic of india ' s start - ups fervidness up public markets amid valuation concerns,republic of india  s start  ups fervidness up public markets amid valuation concerns
BBC,"China needs its youth to spend, but they are embracing frugality","china needs its youth to spend, but they are embracing frugality",china needs its youth to spend but they are embracing frugality
BBC,"China needs its youth to spend, but they be embracing frugality","china needs its youth to spend, but they be embracing frugality",china needs its youth to spend but they be embracing frugality
BBC,Must watch,must watch,must watch
BBC,Moldiness watch,moldiness watch,moldiness watch
BBC,Protesters clash with security at COP30 climate talks in Brazil,protesters clash with security at cop30 climate talks in brazil,protesters clash with security at cop climate talks in brazil
BBC,Protesters clash with security at COP30 climate talks in Brasil,protesters clash with security at cop30 climate talks in brasil,protesters clash with security at cop climate talks in brasil
BBC,Trump and Obama honour US troops for Veterans Day,trump and obama honour us troops for veterans day,trump and obama honour us troops for veterans day
BBC,Trump and Obama honor US troop for Veterans Day,trump and obama honor us troop for veterans day,trump and obama honor us troop for veterans day
BBC,Suicide attack outside Pakistan court kills 12,suicide attack outside pakistan court kills 12,suicide attack outside pakistan court kills
BBC,Suicide attack outside Islamic republic of pakistan court pour down 12,suicide attack outside islamic republic of pakistan court pour down 12,suicide attack outside islamic republic of pakistan court pour down
BBC,The Kenyan start-up aiming to electrify African transport,the kenyan start-up aiming to electrify african transport,the kenyan startup aiming to electrify african transport
BBC,The Kenyan starting signal - up aiming to electrify African transportation,the kenyan starting signal - up aiming to electrify african transportation,the kenyan starting signal  up aiming to electrify african transportation
BBC,Lion saves pregnant hyena from wild dog attack,lion saves pregnant hyena from wild dog attack,lion saves pregnant hyena from wild dog attack
BBC,Lion saves fraught hyena from raving mad dog attack,lion saves fraught hyena from raving mad dog attack,lion saves fraught hyena from raving mad dog attack
BBC,"'I'm very proud of our journalists', says outgoing BBC director general","'i'm very proud of our journalists', says outgoing bbc director general",im very proud of our journalists says outgoing bbc director general
BBC,"' I ' m really proud of our journalists ', say outgoing BBC film director general","' i ' m really proud of our journalists ', say outgoing bbc film director general",i  m really proud of our journalists  say outgoing bbc film director general
BBC,What would pundits change about football?,what would pundits change about football?,what would pundits change about football
BBC,"'Government, just do your job': Frustration at US airports as shutdown delays continue","'government, just do your job': frustration at us airports as shutdown delays continue",government just do your job frustration at us airports as shutdown delays continue
BBC,"' Government, just do your job ': Defeat at US airdrome as shutdown delays continue","' government, just do your job ': defeat at us airdrome as shutdown delays continue",government just do your job  defeat at us airdrome as shutdown delays continue
BBC,Culture,culture,culture
BBC,Finish,finish,finish
BBC,Global girl group Katseye have received 'thousands' of death threats,global girl group katseye have received 'thousands' of death threats,global girl group katseye have received thousands of death threats
BBC,Global girl mathematical group Katseye have incur ' thousands ' of death threats,global girl mathematical group katseye have incur ' thousands ' of death threats,global girl mathematical group katseye have incur  thousands  of death threats
BBC,Business,business,business
BBC,Commercial enterprise,commercial enterprise,commercial enterprise
BBC,Starbucks' baristas are striking again – will that hold back the chain's recovery?,starbucks' baristas are striking again – will that hold back the chain's recovery?,starbucks baristas are striking again  will that hold back the chains recovery
BBC,Starbucks ' baristas are striking over again – will that book back the chain ' s retrieval?,starbucks ' baristas are striking over again – will that book back the chain ' s retrieval?,starbucks  baristas are striking over again  will that book back the chain  s retrieval
BBC,US & Canada news,us & canada news,us  canada news
BBC,US & Canada word,us & canada word,us  canada word
BBC,JFK's grandson Jack Schlossberg to run for Congress,jfk's grandson jack schlossberg to run for congress,jfks grandson jack schlossberg to run for congress
BBC,JFK ' s grandson Jack Schlossberg to lam for Congress,jfk ' s grandson jack schlossberg to lam for congress,jfk  s grandson jack schlossberg to lam for congress
BBC,Indiana joins growing US battle over redrawing electoral maps,indiana joins growing us battle over redrawing electoral maps,indiana joins growing us battle over redrawing electoral maps
BBC,Indiana joins grow US battle over redrawing electoral function,indiana joins grow us battle over redrawing electoral function,indiana joins grow us battle over redrawing electoral function
BBC,Families of Camp Mystic victims sue owners over deadly Texas flood,families of camp mystic victims sue owners over deadly texas flood,families of camp mystic victims sue owners over deadly texas flood
BBC,Families of Refugee camp Mystic victims eugene sue owners over lifelessly Texas flood,families of refugee camp mystic victims eugene sue owners over lifelessly texas flood,families of refugee camp mystic victims eugene sue owners over lifelessly texas flood
BBC,Trump asks Supreme Court to overturn E Jean Carroll verdict,trump asks supreme court to overturn e jean carroll verdict,trump asks supreme court to overturn e jean carroll verdict
BBC,Trump asks Supreme Lawcourt to overturn E Jean Charles dodgson verdict,trump asks supreme lawcourt to overturn e jean charles dodgson verdict,trump asks supreme lawcourt to overturn e jean charles dodgson verdict
BBC,More world news,more world news,more world news
BBC,More mankind news,more mankind news,more mankind news
BBC,Thailand extradites owner of Myanmar scam city to China,thailand extradites owner of myanmar scam city to china,thailand extradites owner of myanmar scam city to china
BBC,Thailand deport owner of Myanmar diddle city to China,thailand deport owner of myanmar diddle city to china,thailand deport owner of myanmar diddle city to china
BBC,Schools go hybrid as Delhi's air quality worsens,schools go hybrid as delhi's air quality worsens,schools go hybrid as delhis air quality worsens
BBC,School day go hybrid as Delhi ' s strain character worsens,school day go hybrid as delhi ' s strain character worsens,school day go hybrid as delhi  s strain character worsens
BBC,Dominican Republic suffers nationwide power cut after 'cascade of failures',dominican republic suffers nationwide power cut after 'cascade of failures',dominican republic suffers nationwide power cut after cascade of failures
BBC,Dominican Republic suffers nationwide superpower cut after ' cascade of bankruptcy ',dominican republic suffers nationwide superpower cut after ' cascade of bankruptcy ',dominican republic suffers nationwide superpower cut after  cascade of bankruptcy
BBC,How jihadists have brought a nation to a standstill with their fuel blockade,how jihadists have brought a nation to a standstill with their fuel blockade,how jihadists have brought a nation to a standstill with their fuel blockade
BBC,How jihadists have brought a nation to a standstill with their fuel encirclement,how jihadists have brought a nation to a standstill with their fuel encirclement,how jihadists have brought a nation to a standstill with their fuel encirclement
BBC,Clientele,clientele,clientele
BBC,Four potential obstacles in House vote to end US shutdown,four potential obstacles in house vote to end us shutdown,four potential obstacles in house vote to end us shutdown
BBC,Four possible obstacles in House vote to end america shutdown,four possible obstacles in house vote to end america shutdown,four possible obstacles in house vote to end america shutdown
BBC,New consoles used to come out every five years – so where's the PlayStation 6?,new consoles used to come out every five years – so where's the playstation 6?,new consoles used to come out every five years  so wheres the playstation
BBC,New console table used to come forbidden every five year – hence where ' s the PlayStation 6?,new console table used to come forbidden every five year – hence where ' s the playstation 6?,new console table used to come forbidden every five year  hence where  s the playstation
BBC,UK toy sales up as 'kidults' buy Lego and Pokémon,uk toy sales up as 'kidults' buy lego and pokémon,uk toy sales up as kidults buy lego and pokmon
BBC,UK miniature sales up as ' kidults ' buy Lego set and Pokémon,uk miniature sales up as ' kidults ' buy lego set and pokémon,uk miniature sales up as  kidults  buy lego set and pokmon
BBC,Battle over Chinese chip-maker rocks global car industry,battle over chinese chip-maker rocks global car industry,battle over chinese chipmaker rocks global car industry
BBC,Battle over Chinese chip - maker sway global elevator car industry,battle over chinese chip - maker sway global elevator car industry,battle over chinese chip  maker sway global elevator car industry
BBC,Sport,sport,sport
BBC,Mutation,mutation,mutation
BBC,'VAR has to rein its neck in' - how I'd change football for the fans,'var has to rein its neck in' - how i'd change football for the fans,var has to rein its neck in  how id change football for the fans
BBC,' VAR have to rein it neck opening in ' - how Atomic number 53 ' d alteration football for the fans,' var have to rein it neck opening in ' - how atomic number 53 ' d alteration football for the fans,var have to rein it neck opening in   how atomic number   d alteration football for the fans
BBC,Kerr 'relishing every moment' after first Chelsea start in 692 days,kerr 'relishing every moment' after first chelsea start in 692 days,kerr relishing every moment after first chelsea start in  days
BBC,Kerr ' relishing every import ' after first Chelsea start in 692 clarence day,kerr ' relishing every import ' after first chelsea start in 692 clarence day,kerr  relishing every import  after first chelsea start in  clarence day
BBC,Webb backs officials over disallowed Liverpool goal,webb backs officials over disallowed liverpool goal,webb backs officials over disallowed liverpool goal
BBC,Webb backs officials ended disallowed Liverpool goal,webb backs officials ended disallowed liverpool goal,webb backs officials ended disallowed liverpool goal
BBC,Wolff to sell stake valuing Mercedes F1 at £4.6bn,wolff to sell stake valuing mercedes f1 at £4.6bn,wolff to sell stake valuing mercedes f at bn
BBC,Kaspar friedrich wolff to sell stake assess Mercedes F1 at £ quatern. 6bn,kaspar friedrich wolff to sell stake assess mercedes f1 at £ quatern. 6bn,kaspar friedrich wolff to sell stake assess mercedes f at  quatern bn
BBC,Recommended Audio,recommended audio,recommended audio
BBC,Recommended Sound,recommended sound,recommended sound
BBC,Witness History,witness history,witness history
BBC,Attestor History,attestor history,attestor history
BBC,The Interview,the interview,the interview
BBC,The Consultation,the consultation,the consultation
BBC,Business Daily,business daily,business daily
BBC,Outlook,outlook,outlook
BBC,Mentality,mentality,mentality
BBC,The Documentary Podcast,the documentary podcast,the documentary podcast
BBC,Clientele Daily,clientele daily,clientele daily
BBC,The Infinite Monkey Cage,the infinite monkey cage,the infinite monkey cage
BBC,The Infinite Rapscallion Cage,the infinite rapscallion cage,the infinite rapscallion cage
BBC,Tech,tech,tech
BBC,Technical school,technical school,technical school
BBC,UK seeking to curb AI child sex abuse imagery with tougher testing,uk seeking to curb ai child sex abuse imagery with tougher testing,uk seeking to curb ai child sex abuse imagery with tougher testing
BBC,UK seeking to curb bradypus tridactylus child sexuality abuse imagery with tougher examination,uk seeking to curb bradypus tridactylus child sexuality abuse imagery with tougher examination,uk seeking to curb bradypus tridactylus child sexuality abuse imagery with tougher examination
BBC,Man dances for 144 hours to break video game marathon record,man dances for 144 hours to break video game marathon record,man dances for  hours to break video game marathon record
BBC,Man dance for gross hours to break video game marathon phonograph recording,man dance for gross hours to break video game marathon phonograph recording,man dance for gross hours to break video game marathon phonograph recording
BBC,Cryptoqueen who fled China for London mansion jailed over £5bn Bitcoin stash,cryptoqueen who fled china for london mansion jailed over £5bn bitcoin stash,cryptoqueen who fled china for london mansion jailed over bn bitcoin stash
BBC,Cryptoqueen who fly China for London planetary house jailed over £ 5bn Bitcoin stash,cryptoqueen who fly china for london planetary house jailed over £ 5bn bitcoin stash,cryptoqueen who fly china for london planetary house jailed over  bn bitcoin stash
BBC,TikTok creator 'so sorry' over cancer diagnosis lie,tiktok creator 'so sorry' over cancer diagnosis lie,tiktok creator so sorry over cancer diagnosis lie
BBC,TikTok divine ' so sorry ' over cancer diagnosis trygve halvden lie,tiktok divine ' so sorry ' over cancer diagnosis trygve halvden lie,tiktok divine  so sorry  over cancer diagnosis trygve halvden lie
BBC,Science & health,science & health,science  health
BBC,Scientific discipline & health,scientific discipline & health,scientific discipline  health
BBC,"'My son, 4, has childhood dementia - I'm heartbroken'","'my son, 4, has childhood dementia - i'm heartbroken'",my son  has childhood dementia  im heartbroken
BBC,"' My logos, 4, have childhood dementia - I ' m heartbroken '","' my logos, 4, have childhood dementia - i ' m heartbroken '",my logos  have childhood dementia  i  m heartbroken
BBC,Three easy ways to help you beat the winter blues,three easy ways to help you beat the winter blues,three easy ways to help you beat the winter blues
BBC,Three easy way to aid you beat the winter blues,three easy way to aid you beat the winter blues,three easy way to aid you beat the winter blues
BBC,William recalls Kate cancer talk with children,william recalls kate cancer talk with children,william recalls kate cancer talk with children
BBC,William recalls Kate crab talk with kid,william recalls kate crab talk with kid,william recalls kate crab talk with kid
BBC,"Canada loses its measles-free status, with US on track to follow","canada loses its measles-free status, with us on track to follow",canada loses its measlesfree status with us on track to follow
BBC,"Canada recede its morbilli - free position, with US on cartroad to follow","canada recede its morbilli - free position, with us on cartroad to follow",canada recede its morbilli  free position with us on cartroad to follow
BBC,Refinement,refinement,refinement
BBC,The truth about Tudor England's 'most hated woman',the truth about tudor england's 'most hated woman',the truth about tudor englands most hated woman
BBC,The truth about House of tudor England ' s ' nearly scorned woman ',the truth about house of tudor england ' s ' nearly scorned woman ',the truth about house of tudor england  s  nearly scorned woman
BBC,"Jilly Cooper died from head injury, says coroner","jilly cooper died from head injury, says coroner",jilly cooper died from head injury says coroner
BBC,"Jilly Cooper died from caput injury, says medical examiner","jilly cooper died from caput injury, says medical examiner",jilly cooper died from caput injury says medical examiner
BBC,"'We've got to fight for our journalism,' BBC director general tells staff","'we've got to fight for our journalism,' bbc director general tells staff",weve got to fight for our journalism bbc director general tells staff
BBC,"' We ' ve got to fight for our news media, ' BBC director general tells stave","' we ' ve got to fight for our news media, ' bbc director general tells stave",we  ve got to fight for our news media  bbc director general tells stave
BBC,Ariana Grande: Going brunette is not about saying goodbye to Glinda,ariana grande: going brunette is not about saying goodbye to glinda,ariana grande going brunette is not about saying goodbye to glinda
BBC,Ariana Grande: Lead brunette follow not about saying auf wiedersehen to Glinda,ariana grande: lead brunette follow not about saying auf wiedersehen to glinda,ariana grande lead brunette follow not about saying auf wiedersehen to glinda
BBC,Arts,arts,arts
BBC,Artwork,artwork,artwork
BBC,Why history's 'most controversial' queen was so hated,why history's 'most controversial' queen was so hated,why historys most controversial queen was so hated
BBC,Why history ' s ' most controversial ' pouf was so detested,why history ' s ' most controversial ' pouf was so detested,why history  s  most controversial  pouf was so detested
BBC,"The chair that took 10,000 hours to create","the chair that took 10,000 hours to create",the chair that took  hours to create
BBC,"The chair that took tenner, 000 hour to make","the chair that took tenner, 000 hour to make",the chair that took tenner  hour to make
BBC,Why a poem outraged 1980s Britain,why a poem outraged 1980s britain,why a poem outraged s britain
BBC,Why a poem scandalise 1980s U.k.,why a poem scandalise 1980s u.k.,why a poem scandalise s uk
BBC,The clues hidden in a true-crime masterpiece,the clues hidden in a true-crime masterpiece,the clues hidden in a truecrime masterpiece
BBC,The clew hidden in a true - crime chef d'oeuvre,the clew hidden in a true - crime chef d'oeuvre,the clew hidden in a true  crime chef doeuvre
BBC,Watch,watch,watch
BBC,Ticker,ticker,ticker
BBC,Lion saves pregnant hyena from dotty canis familiaris attack,lion saves pregnant hyena from dotty canis familiaris attack,lion saves pregnant hyena from dotty canis familiaris attack
BBC,Travel,travel,travel
BBC,Locomotion,locomotion,locomotion
BBC,Where to find Boston's best clam chowder,where to find boston's best clam chowder,where to find bostons best clam chowder
BBC,Where to find Boston ' s best buck chowder,where to find boston ' s best buck chowder,where to find boston  s best buck chowder
BBC,Why you should book your 2026 eclipse trip today,why you should book your 2026 eclipse trip today,why you should book your  eclipse trip today
BBC,Wherefore you should book your 2026 eclipse misstep today,wherefore you should book your 2026 eclipse misstep today,wherefore you should book your  eclipse misstep today
BBC,How soon is too soon to visit after a disaster?,how soon is too soon to visit after a disaster?,how soon is too soon to visit after a disaster
BBC,How soon be too soon to visit after a catastrophe?,how soon be too soon to visit after a catastrophe?,how soon be too soon to visit after a catastrophe
BBC,Five of the best rooftop bars in Chicago,five of the best rooftop bars in chicago,five of the best rooftop bars in chicago
BBC,Five of the right rooftop bars in Chicago,five of the right rooftop bars in chicago,five of the right rooftop bars in chicago
BBC,World's Table,world's table,worlds table
BBC,Cosmos ' s Table,cosmos ' s table,cosmos  s table
BBC,What Mamdani's win means for NYC's food scene,what mamdani's win means for nyc's food scene,what mamdanis win means for nycs food scene
BBC,What Mamdani ' s profits means for NYC ' s intellectual nourishment scene,what mamdani ' s profits means for nyc ' s intellectual nourishment scene,what mamdani  s profits means for nyc  s intellectual nourishment scene
BBC,Why Marseille restaurants are offering gourmet food for €1,why marseille restaurants are offering gourmet food for €1,why marseille restaurants are offering gourmet food for
BBC,Why Marseille eating place are offering foodie food for thought for € 1,why marseille eating place are offering foodie food for thought for € 1,why marseille eating place are offering foodie food for thought for
BBC,100 dishes in 40 days: India's epic wedding feast,100 dishes in 40 days: india's epic wedding feast,dishes in  days indias epic wedding feast
BBC,100 dish in 40 daytime: India ' south epic wedding feast,100 dish in 40 daytime: india ' south epic wedding feast,dish in  daytime india  south epic wedding feast
BBC,The controversial snack that fuels Norwegian trips,the controversial snack that fuels norwegian trips,the controversial snack that fuels norwegian trips
BBC,The controversial snack that fuels Norse trips,the controversial snack that fuels norse trips,the controversial snack that fuels norse trips
BBC,Earth,earth,earth
BBC,Earthly concern,earthly concern,earthly concern
BBC,New 'Lucifer' bee with devil-like horns found in Australia,new 'lucifer' bee with devil-like horns found in australia,new lucifer bee with devillike horns found in australia
BBC,New ' The tempter ' bee with devil - like horns found in Commonwealth of australia,new ' the tempter ' bee with devil - like horns found in commonwealth of australia,new  the tempter  bee with devil  like horns found in commonwealth of australia
BBC,'This animal spared my life': Biologist bitten in head by shark hopes to meet it again,'this animal spared my life': biologist bitten in head by shark hopes to meet it again,this animal spared my life biologist bitten in head by shark hopes to meet it again
BBC,' This animal spar my life ': Life scientist bitten in head by shark hope to encounter it again,' this animal spar my life ': life scientist bitten in head by shark hope to encounter it again,this animal spar my life  life scientist bitten in head by shark hope to encounter it again
BBC,"Once a sure thing, Australia's bid to host COP31 falters amid deadlock with Turkey","once a sure thing, australia's bid to host cop31 falters amid deadlock with turkey",once a sure thing australias bid to host cop falters amid deadlock with turkey
BBC,"Once a trusted thing, Australia ' randomness bid to host COP31 falters amid deadlock with Turkey","once a trusted thing, australia ' randomness bid to host cop31 falters amid deadlock with turkey",once a trusted thing australia  randomness bid to host cop falters amid deadlock with turkey
BBC,Saving the Amazon's mystical pink river dolphins,saving the amazon's mystical pink river dolphins,saving the amazons mystical pink river dolphins
BBC,Saving the Amazon river ' s occult pinko river dolphins,saving the amazon river ' s occult pinko river dolphins,saving the amazon river  s occult pinko river dolphins
BBC,Video,video,video
BBC,Telecasting,telecasting,telecasting
BBC,A rare glimpse into the world's most trafficked mammal,a rare glimpse into the world's most trafficked mammal,a rare glimpse into the worlds most trafficked mammal
BBC,A rare glance into the world ' s most trafficked mammalian,a rare glance into the world ' s most trafficked mammalian,a rare glance into the world  s most trafficked mammalian
BBC,Why your brain can't help copying the way others speak,why your brain can't help copying the way others speak,why your brain cant help copying the way others speak
BBC,Why your brain can ' t assistance simulate the way others speak,why your brain can ' t assistance simulate the way others speak,why your brain can  t assistance simulate the way others speak
BBC,What lies behind Kazakhstan's mysterious stone spheres?,what lies behind kazakhstan's mysterious stone spheres?,what lies behind kazakhstans mysterious stone spheres
BBC,What lies behind Kazakh ' s mysterious pit spheres?,what lies behind kazakh ' s mysterious pit spheres?,what lies behind kazakh  s mysterious pit spheres
BBC,Döstädning: The gentle art of Swedish death cleaning,döstädning: the gentle art of swedish death cleaning,dstdning the gentle art of swedish death cleaning
BBC,Döstädning: The gentle nontextual matter of Swedish expiry cleaning,döstädning: the gentle nontextual matter of swedish expiry cleaning,dstdning the gentle nontextual matter of swedish expiry cleaning
BBC,Discover more from the BBC,discover more from the bbc,discover more from the bbc
BBC,US Politics Unspun,us politics unspun,us politics unspun
BBC,Download the BBC app,download the bbc app,download the bbc app
BBC,Sign up to World of Business,sign up to world of business,sign up to world of business
BBC,Sign upwards to World of Business,sign upwards to world of business,sign upwards to world of business
BBC,Register for a BBC account,register for a bbc account,register for a bbc account
BBC,Sign up for the Essential List,sign up for the essential list,sign up for the essential list
BBC,Signboard up for the Essential List,signboard up for the essential list,signboard up for the essential list
CNN,COP30 in Brazil,cop30 in brazil,cop in brazil
CNN,Islamabad suicide attack,islamabad suicide attack,islamabad suicide attack
CNN,Islamabad felo de se attack,islamabad felo de se attack,islamabad felo de se attack
CNN,What is ‘Project Athena’?,what is ‘project athena’?,what is project athena
CNN,What is ‘ Task Athena ’?,what is ‘ task athena ’?,what is  task athena
CNN,Futuristic planes,futuristic planes,futuristic planes
CNN,Futuristic airplane,futuristic airplane,futuristic airplane
CNN,Sinner-Alcaraz rivalry,sinner-alcaraz rivalry,sinneralcaraz rivalry
CNN,Sinner - Alcaraz rivalry,sinner - alcaraz rivalry,sinner  alcaraz rivalry
CNN,How to ‘snore-proof’ sexual relationships,how to ‘snore-proof’ sexual relationships,how to snoreproof sexual relationships
CNN,How to ‘ snore - proof ’ sexual relationship,how to ‘ snore - proof ’ sexual relationship,how to  snore  proof  sexual relationship
CNN,‘Toy Story 5’,‘toy story 5’,toy story
CNN,‘ Toy Write up 5 ’,‘ toy write up 5 ’,toy write up
CNN,"As US House of Representatives reopens for key vote, things may worsen for Speaker Johnson","as us house of representatives reopens for key vote, things may worsen for speaker johnson",as us house of representatives reopens for key vote things may worsen for speaker johnson
CNN,"As US House of Spokesperson reopens for key vote, things may worsen for Speaker system Lyndon johnson","as us house of spokesperson reopens for key vote, things may worsen for speaker system lyndon johnson",as us house of spokesperson reopens for key vote things may worsen for speaker system lyndon johnson
CNN,What’s in the bill to reopen the federal government?,what’s in the bill to reopen the federal government?,whats in the bill to reopen the federal government
CNN,What ’ mho in the federal reserve note to reopen the union government?,what ’ mho in the federal reserve note to reopen the union government?,what  mho in the federal reserve note to reopen the union government
CNN,Bridge partially collapses in China,bridge partially collapses in china,bridge partially collapses in china
CNN,Bridge partially collapses in Republic of china,bridge partially collapses in republic of china,bridge partially collapses in republic of china
CNN,He was dictator who led sweeping massacres. Why is he now a ‘national hero’?,he was dictator who led sweeping massacres. why is he now a ‘national hero’?,he was dictator who led sweeping massacres why is he now a national hero
CNN,He cost dictator world health organization lead sweeping massacres. Why constitute he now a ‘ national hero ’?,he cost dictator world health organization lead sweeping massacres. why constitute he now a ‘ national hero ’?,he cost dictator world health organization lead sweeping massacres why constitute he now a  national hero
CNN,"Decision comes amid concerns about the legality of US military strikes on alleged drug boats, sources tell CNN","decision comes amid concerns about the legality of us military strikes on alleged drug boats, sources tell cnn",decision comes amid concerns about the legality of us military strikes on alleged drug boats sources tell cnn
CNN,"Decision comes amid concerns about the legality of US military ten strike on alleged drug boats, source tell CNN","decision comes amid concerns about the legality of us military ten strike on alleged drug boats, source tell cnn",decision comes amid concerns about the legality of us military ten strike on alleged drug boats source tell cnn
CNN,A timeline of US strikes on boats that have killed 76,a timeline of us strikes on boats that have killed 76,a timeline of us strikes on boats that have killed
CNN,A timeline of atomic number 92 strikes on boats that give killed 76,a timeline of atomic number 92 strikes on boats that give killed 76,a timeline of atomic number  strikes on boats that give killed
CNN,Venezuela announces ‘massive mobilization’ of military forces as US’ largest warship sails into region,venezuela announces ‘massive mobilization’ of military forces as us’ largest warship sails into region,venezuela announces massive mobilization of military forces as us largest warship sails into region
CNN,Venezuela announces ‘ massive militarisation ’ of military forces as uranium ’ big war vessel sails into region,venezuela announces ‘ massive militarisation ’ of military forces as uranium ’ big war vessel sails into region,venezuela announces  massive militarisation  of military forces as uranium  big war vessel sails into region
CNN,Here’s what the US military is using to strike alleged drug boats,here’s what the us military is using to strike alleged drug boats,heres what the us military is using to strike alleged drug boats
CNN,Here ’ s what the US military is apply to strike alleged drug boats,here ’ s what the us military is apply to strike alleged drug boats,here  s what the us military is apply to strike alleged drug boats
CNN,Catch up on today’s global news,catch up on today’s global news,catch up on todays global news
CNN,Catch up on today ’ s spherical news,catch up on today ’ s spherical news,catch up on today  s spherical news
CNN,Breathtaking northern lights splash across the night skies as far south as Florida,breathtaking northern lights splash across the night skies as far south as florida,breathtaking northern lights splash across the night skies as far south as florida
CNN,Breathtaking northern lighting plash across the night sky as far south as Florida,breathtaking northern lighting plash across the night sky as far south as florida,breathtaking northern lighting plash across the night sky as far south as florida
CNN,‘Horizon’ plane’s futuristic shape could revolutionize flying,‘horizon’ plane’s futuristic shape could revolutionize flying,horizon planes futuristic shape could revolutionize flying
CNN,‘ Horizon ’ plane ’ s futuristic shape could revolutionize fly,‘ horizon ’ plane ’ s futuristic shape could revolutionize fly,horizon  plane  s futuristic shape could revolutionize fly
CNN,"How it feels to spend $10M on a bag, according to the man who did it","how it feels to spend $10m on a bag, according to the man who did it",how it feels to spend m on a bag according to the man who did it
CNN,"How information technology find to spend $ 10M on a bag, allot to the man who did it","how information technology find to spend $ 10m on a bag, allot to the man who did it",how information technology find to spend  m on a bag allot to the man who did it
CNN,Screens are the enemy in new ‘Toy Story 5’ teaser trailer,screens are the enemy in new ‘toy story 5’ teaser trailer,screens are the enemy in new toy story  teaser trailer
CNN,Screens be the enemy in fresh ‘ Toy Story 5 ’ teaser trailer,screens be the enemy in fresh ‘ toy story 5 ’ teaser trailer,screens be the enemy in fresh  toy story   teaser trailer
CNN,Dozens of Israeli settlers launch arson attack in West Bank as attacks against Palestinians surge,dozens of israeli settlers launch arson attack in west bank as attacks against palestinians surge,dozens of israeli settlers launch arson attack in west bank as attacks against palestinians surge
CNN,Twelve of Israeli settlers launch arson flack in West Bank building as attacks against Palestinian surge,twelve of israeli settlers launch arson flack in west bank building as attacks against palestinian surge,twelve of israeli settlers launch arson flack in west bank building as attacks against palestinian surge
CNN,Two of China’s most popular gay dating apps have disappeared from app stores,two of china’s most popular gay dating apps have disappeared from app stores,two of chinas most popular gay dating apps have disappeared from app stores
CNN,Two of China ’ s most popular homophile go out apps have go away from app stores,two of china ’ s most popular homophile go out apps have go away from app stores,two of china  s most popular homophile go out apps have go away from app stores
CNN,Search continues for Rohingya refugees after boat capsizes,search continues for rohingya refugees after boat capsizes,search continues for rohingya refugees after boat capsizes
CNN,Search continue for Rohingya refugees after boat capsizes,search continue for rohingya refugees after boat capsizes,search continue for rohingya refugees after boat capsizes
CNN,At least 12 killed in Islamabad suicide attack – the most deadly assault in the Pakistani capital since 2008,at least 12 killed in islamabad suicide attack – the most deadly assault in the pakistani capital since 2008,at least  killed in islamabad suicide attack  the most deadly assault in the pakistani capital since
CNN,At least 12 defeat in Islamabad suicide onslaught – the most deadly assault in the Pakistani das kapital since 2008,at least 12 defeat in islamabad suicide onslaught – the most deadly assault in the pakistani das kapital since 2008,at least  defeat in islamabad suicide onslaught  the most deadly assault in the pakistani das kapital since
CNN,Footage shows Russian troops approaching key Ukrainian city,footage shows russian troops approaching key ukrainian city,footage shows russian troops approaching key ukrainian city
CNN,Footage present Russian troops approaching key Ukrainian metropolis,footage present russian troops approaching key ukrainian metropolis,footage present russian troops approaching key ukrainian metropolis
CNN,"Venezuelans deported from US to Salvadoran prison subjected to torture, rights groups claim in new report","venezuelans deported from us to salvadoran prison subjected to torture, rights groups claim in new report",venezuelans deported from us to salvadoran prison subjected to torture rights groups claim in new report
CNN,"Venezuelans comport from US to Salvadoran prison subjected to torture, rights chemical group lay claim in new report card","venezuelans comport from us to salvadoran prison subjected to torture, rights chemical group lay claim in new report card",venezuelans comport from us to salvadoran prison subjected to torture rights chemical group lay claim in new report card
CNN,This portrait could become one of most expensive paintings ever publicly sold,this portrait could become one of most expensive paintings ever publicly sold,this portrait could become one of most expensive paintings ever publicly sold
CNN,This portrait could go nonpareil of near expensive paintings ever publicly sold,this portrait could go nonpareil of near expensive paintings ever publicly sold,this portrait could go nonpareil of near expensive paintings ever publicly sold
CNN,Unseen photos reveal another side to 1970s Lagos,unseen photos reveal another side to 1970s lagos,unseen photos reveal another side to s lagos
CNN,Unobserved pic reveal another side to 1970s Lagos,unobserved pic reveal another side to 1970s lagos,unobserved pic reveal another side to s lagos
CNN,A block of white and green jadeite has its own exhibition hall in Taiwan. Here’s why it’s so endearing,a block of white and green jadeite has its own exhibition hall in taiwan. here’s why it’s so endearing,a block of white and green jadeite has its own exhibition hall in taiwan heres why its so endearing
CNN,A engine block of white and green jadeite has information technology own exposition hall in Taiwan. Hither ’ s why it ’ s thusly endearing,a engine block of white and green jadeite has information technology own exposition hall in taiwan. hither ’ s why it ’ s thusly endearing,a engine block of white and green jadeite has information technology own exposition hall in taiwan hither  s why it  s thusly endearing
CNN,"Protesters force their way into COP30 summit venue, clash with security","protesters force their way into cop30 summit venue, clash with security",protesters force their way into cop summit venue clash with security
CNN,"Protesters squeeze their way into COP30 summit venue, clash with security","protesters squeeze their way into cop30 summit venue, clash with security",protesters squeeze their way into cop summit venue clash with security
CNN,What is COP30 and why does it matter?,what is cop30 and why does it matter?,what is cop and why does it matter
CNN,What is COP30 and why make information technology matter?,what is cop30 and why make information technology matter?,what is cop and why make information technology matter
CNN,How couples can ‘snore-proof’ their sexual relationship,how couples can ‘snore-proof’ their sexual relationship,how couples can snoreproof their sexual relationship
CNN,How couples can ‘ snore - proof ’ their sexual relationship,how couples can ‘ snore - proof ’ their sexual relationship,how couples can  snore  proof  their sexual relationship
CNN,Pressure grows for release of penguins ‘trapped’ at London aquarium,pressure grows for release of penguins ‘trapped’ at london aquarium,pressure grows for release of penguins trapped at london aquarium
CNN,Pressure grows for acquittance of penguins ‘ ensnare ’ at London fish tank,pressure grows for acquittance of penguins ‘ ensnare ’ at london fish tank,pressure grows for acquittance of penguins  ensnare  at london fish tank
CNN,"Forget Christmas. In Sicily, they’re already thinking of Easter","forget christmas. in sicily, they’re already thinking of easter",forget christmas in sicily theyre already thinking of easter
CNN,"Forget Christmas. In Sicily, they ’ re already thinking of Easter","forget christmas. in sicily, they ’ re already thinking of easter",forget christmas in sicily they  re already thinking of easter
CNN,Trump’s flailing on the economy is worse than Biden’s,trump’s flailing on the economy is worse than biden’s,trumps flailing on the economy is worse than bidens
CNN,Trump ’ s thresh on the economy is worse than Biden ’ s,trump ’ s thresh on the economy is worse than biden ’ s,trump  s thresh on the economy is worse than biden  s
CNN,Trump just floated a 50-year mortgage. Is that a good idea?,trump just floated a 50-year mortgage. is that a good idea?,trump just floated a year mortgage is that a good idea
CNN,Trump just float a 50 - year mortgage. Be that a good estimation?,trump just float a 50 - year mortgage. be that a good estimation?,trump just float a   year mortgage be that a good estimation
CNN,Travelers and staff left stranded after hotel chain’s sudden closure,travelers and staff left stranded after hotel chain’s sudden closure,travelers and staff left stranded after hotel chains sudden closure
CNN,Travelers and staff leave stranded after hotel chain ’ s sudden closure,travelers and staff leave stranded after hotel chain ’ s sudden closure,travelers and staff leave stranded after hotel chain  s sudden closure
CNN,Why is Trump threatening to sue the BBC for $1 billion?,why is trump threatening to sue the bbc for $1 billion?,why is trump threatening to sue the bbc for  billion
CNN,Why is Trump threatening to sue the BBC for $ one billion?,why is trump threatening to sue the bbc for $ one billion?,why is trump threatening to sue the bbc for  one billion
CNN,"Jack Schlossberg, John F. Kennedy’s grandson, running for US House seat","jack schlossberg, john f. kennedy’s grandson, running for us house seat",jack schlossberg john f kennedys grandson running for us house seat
CNN,"Jack Schlossberg, John the divine Degree fahrenheit. Kennedy ’ s grandson, running for u.s.a. House seat","jack schlossberg, john the divine degree fahrenheit. kennedy ’ s grandson, running for u.s.a. house seat",jack schlossberg john the divine degree fahrenheit kennedy  s grandson running for usa house seat
CNN,US Supreme Court keeps full SNAP payments on hold with short term order,us supreme court keeps full snap payments on hold with short term order,us supreme court keeps full snap payments on hold with short term order
CNN,US Supreme Court keeps full SNAP defrayal on hold with shortsighted term order,us supreme court keeps full snap defrayal on hold with shortsighted term order,us supreme court keeps full snap defrayal on hold with shortsighted term order
CNN,A plan written by Trump’s NASA pick was leaked. Here’s what to know about ‘Project Athena’,a plan written by trump’s nasa pick was leaked. here’s what to know about ‘project athena’,a plan written by trumps nasa pick was leaked heres what to know about project athena
CNN,A plan written by Trump card ’ s NASA plectrum was leaked. Here ’ s what to know astir ‘ Project Pallas athene ’,a plan written by trump card ’ s nasa plectrum was leaked. here ’ s what to know astir ‘ project pallas athene ’,a plan written by trump card  s nasa plectrum was leaked here  s what to know astir  project pallas athene
CNN,Wind turbines kill millions of bats; microphones could protect them,wind turbines kill millions of bats; microphones could protect them,wind turbines kill millions of bats microphones could protect them
CNN,Wind turbine drink down millions of bats; mike could protect them,wind turbine drink down millions of bats; mike could protect them,wind turbine drink down millions of bats mike could protect them
CNN,Has the cash-strapped American worker fallen out of love with slop?,has the cash-strapped american worker fallen out of love with slop?,has the cashstrapped american worker fallen out of love with slop
CNN,Has the hard cash - strapped American worker fallen out of dear with slop?,has the hard cash - strapped american worker fallen out of dear with slop?,has the hard cash  strapped american worker fallen out of dear with slop
CNN,Tony Shalhoub never knew this ice cream flavor existed. Now it’s his favorite,tony shalhoub never knew this ice cream flavor existed. now it’s his favorite,tony shalhoub never knew this ice cream flavor existed now its his favorite
CNN,Tony Shalhoub ne'er knew this ice cream flavor existed. Like a shot it ’ s his favorite,tony shalhoub ne'er knew this ice cream flavor existed. like a shot it ’ s his favorite,tony shalhoub neer knew this ice cream flavor existed like a shot it  s his favorite
CNN,"Record-breaking cold settles in across parts of US, but another big change is coming","record-breaking cold settles in across parts of us, but another big change is coming",recordbreaking cold settles in across parts of us but another big change is coming
CNN,"Record - go cold settle in across parts of US, merely another big change is number","record - go cold settle in across parts of us, merely another big change is number",record  go cold settle in across parts of us merely another big change is number
CNN,‘Volnado’ spotted near Hawaii’s Kilauea volcanic eruption,‘volnado’ spotted near hawaii’s kilauea volcanic eruption,volnado spotted near hawaiis kilauea volcanic eruption
CNN,‘ Volnado ’ espy near Hawaii ’ s Kilauea volcanic eruption,‘ volnado ’ espy near hawaii ’ s kilauea volcanic eruption,volnado  espy near hawaii  s kilauea volcanic eruption
CNN,Chinese ‘cryptoqueen’ who had royal aspirations jailed in UK over $6.6 billion Bitcoin scam,chinese ‘cryptoqueen’ who had royal aspirations jailed in uk over $6.6 billion bitcoin scam,chinese cryptoqueen who had royal aspirations jailed in uk over  billion bitcoin scam
CNN,Formosan ‘ cryptoqueen ’ who had royal aspirations remand in UK over $ 6. captain hicks gazillion Bitcoin scam,formosan ‘ cryptoqueen ’ who had royal aspirations remand in uk over $ 6. captain hicks gazillion bitcoin scam,formosan  cryptoqueen  who had royal aspirations remand in uk over   captain hicks gazillion bitcoin scam
CNN,The latest chapter of the ‘Sincaraz’ rivalry in Turin brings curtain down on year of dominance,the latest chapter of the ‘sincaraz’ rivalry in turin brings curtain down on year of dominance,the latest chapter of the sincaraz rivalry in turin brings curtain down on year of dominance
CNN,The latest chapter of the ‘ Sincaraz ’ rivalry in Turin brings curtain down on twelvemonth of ascendancy,the latest chapter of the ‘ sincaraz ’ rivalry in turin brings curtain down on twelvemonth of ascendancy,the latest chapter of the  sincaraz  rivalry in turin brings curtain down on twelvemonth of ascendancy
CNN,Paris Jackson reveals she has a perforated septum: ‘Don’t do drugs kids’,paris jackson reveals she has a perforated septum: ‘don’t do drugs kids’,paris jackson reveals she has a perforated septum dont do drugs kids
CNN,City of light Jackson reveals she has a perforate septum: ‘ Don river ’ t do drugs kids ’,city of light jackson reveals she has a perforate septum: ‘ don river ’ t do drugs kids ’,city of light jackson reveals she has a perforate septum  don river  t do drugs kids
CNN,Afghan women not allowed into hospitals without burqas,afghan women not allowed into hospitals without burqas,afghan women not allowed into hospitals without burqas
CNN,Afghan woman non allowed into hospitals without burqas,afghan woman non allowed into hospitals without burqas,afghan woman non allowed into hospitals without burqas
CNN,Is having a boyfriend embarrassing now? CNN speaks to author,is having a boyfriend embarrassing now? cnn speaks to author,is having a boyfriend embarrassing now cnn speaks to author
CNN,Cost having a boyfriend embarrassing at present? CNN speaks to author,cost having a boyfriend embarrassing at present? cnn speaks to author,cost having a boyfriend embarrassing at present cnn speaks to author
CNN,CNN asks Ronaldo if he will play in next World Cup,cnn asks ronaldo if he will play in next world cup,cnn asks ronaldo if he will play in next world cup
CNN,CNN asks Ronaldo if helium will dally in next Populace Cup,cnn asks ronaldo if helium will dally in next populace cup,cnn asks ronaldo if helium will dally in next populace cup
CNN,Tennis icons discuss their rivalry,tennis icons discuss their rivalry,tennis icons discuss their rivalry
CNN,Lawn tennis icon discuss their rivalry,lawn tennis icon discuss their rivalry,lawn tennis icon discuss their rivalry
CNN,The tallest king and queen of New York were crowned,the tallest king and queen of new york were crowned,the tallest king and queen of new york were crowned
CNN,The tallest king and queer of New York constitute crown,the tallest king and queer of new york constitute crown,the tallest king and queer of new york constitute crown
CNN,Travelers and stave left stranded after hotel chain ’ s sudden closure,travelers and stave left stranded after hotel chain ’ s sudden closure,travelers and stave left stranded after hotel chain  s sudden closure
CNN,JFK’s grandson announces run for Congress,jfk’s grandson announces run for congress,jfks grandson announces run for congress
CNN,JFK ’ s grandson announces run for Us congress,jfk ’ s grandson announces run for us congress,jfk  s grandson announces run for us congress
CNN,Indigenous protesters clash with COP30 security,indigenous protesters clash with cop30 security,indigenous protesters clash with cop security
CNN,Indigenous protesters clash with COP30 security measure,indigenous protesters clash with cop30 security measure,indigenous protesters clash with cop security measure
CNN,Venezuela mobilizes forces as largest US warship enters region,venezuela mobilizes forces as largest us warship enters region,venezuela mobilizes forces as largest us warship enters region
CNN,Venezuela call up forces as largest US warship enters neighborhood,venezuela call up forces as largest us warship enters neighborhood,venezuela call up forces as largest us warship enters neighborhood
CNN,"Erin Burnett: Are you really getting a $2,000 check?","erin burnett: are you really getting a $2,000 check?",erin burnett are you really getting a  check
CNN,"Erin Burnett: Be you really baffle a $ two, 000 check?","erin burnett: be you really baffle a $ two, 000 check?",erin burnett be you really baffle a  two  check
CNN,House Democrat to his Republican colleagues: ‘Where the hell have you been?’,house democrat to his republican colleagues: ‘where the hell have you been?’,house democrat to his republican colleagues where the hell have you been
CNN,House Democrat to his Republican colleagues: ‘ Where the hell have you embody? ’,house democrat to his republican colleagues: ‘ where the hell have you embody? ’,house democrat to his republican colleagues  where the hell have you embody
CNN,Bridge partially collapses in Prc,bridge partially collapses in prc,bridge partially collapses in prc
CNN,Israeli settlers launch arson attack in occupied West Bank,israeli settlers launch arson attack in occupied west bank,israeli settlers launch arson attack in occupied west bank
CNN,Israeli settlers launch arson attack in engaged Mae west Cant,israeli settlers launch arson attack in engaged mae west cant,israeli settlers launch arson attack in engaged mae west cant
CNN,What the next 48 hours may look like for the shutdown,what the next 48 hours may look like for the shutdown,what the next  hours may look like for the shutdown
CNN,What the future 48 minute may look like for the shutdown,what the future 48 minute may look like for the shutdown,what the future  minute may look like for the shutdown
CNN,Footage shows Russian troops approaching fundamental Ukrainian city,footage shows russian troops approaching fundamental ukrainian city,footage shows russian troops approaching fundamental ukrainian city
CNN,UK suspends some intelligence sharing with US over boat strike concerns,uk suspends some intelligence sharing with us over boat strike concerns,uk suspends some intelligence sharing with us over boat strike concerns
CNN,UK suspend some intelligence sharing with u over boat strike concerns,uk suspend some intelligence sharing with u over boat strike concerns,uk suspend some intelligence sharing with u over boat strike concerns
CNN,Families sue Camp Mystic,families sue camp mystic,families sue camp mystic
CNN,Families sue Encampment Mystic,families sue encampment mystic,families sue encampment mystic
CNN,Homeless graduate can’t find full-time work in NYC,homeless graduate can’t find full-time work in nyc,homeless graduate cant find fulltime work in nyc
CNN,Homeless alumna can ’ t find full - time work in NYC,homeless alumna can ’ t find full - time work in nyc,homeless alumna can  t find full  time work in nyc
CNN,There’s a dolphin living in the Venice canals,there’s a dolphin living in the venice canals,theres a dolphin living in the venice canals
CNN,There ’ s a dolphin life in the Venice channel,there ’ s a dolphin life in the venice channel,there  s a dolphin life in the venice channel
CNN,Senate candidate is latest politician to scrub ‘defund the police’ posts,senate candidate is latest politician to scrub ‘defund the police’ posts,senate candidate is latest politician to scrub defund the police posts
CNN,Senate candidate is latest political leader to scrub ‘ defund the law ’ posts,senate candidate is latest political leader to scrub ‘ defund the law ’ posts,senate candidate is latest political leader to scrub  defund the law  posts
CNN,‘Shark Tank’ judge reacts to Trump’s 50-year mortgage proposal,‘shark tank’ judge reacts to trump’s 50-year mortgage proposal,shark tank judge reacts to trumps year mortgage proposal
CNN,‘ Shark Tank ’ judge reacts to Trump ’ s l - year mortgage proposal,‘ shark tank ’ judge reacts to trump ’ s l - year mortgage proposal,shark tank  judge reacts to trump  s l  year mortgage proposal
CNN,Popular gay dating apps removed in Mainland China,popular gay dating apps removed in mainland china,popular gay dating apps removed in mainland china
CNN,Popular gay date apps take away in Mainland China,popular gay date apps take away in mainland china,popular gay date apps take away in mainland china
CNN,Lookup continues for Rohingya refugees after boat capsizes,lookup continues for rohingya refugees after boat capsizes,lookup continues for rohingya refugees after boat capsizes
CNN,India on high alert after deadly blast,india on high alert after deadly blast,india on high alert after deadly blast
CNN,Republic of india on high alert after devilishly blast,republic of india on high alert after devilishly blast,republic of india on high alert after devilishly blast
CNN,‘ Volnado ’ spotted near Hawaii ’ s Kilauea volcanic eruption,‘ volnado ’ spotted near hawaii ’ s kilauea volcanic eruption,volnado  spotted near hawaii  s kilauea volcanic eruption
CNN,Meet the Welsh puppies that are stopping wildlife poachers in Africa,meet the welsh puppies that are stopping wildlife poachers in africa,meet the welsh puppies that are stopping wildlife poachers in africa
CNN,Sports meeting the Welsh puppies that are stopping wildlife poacher in Africa,sports meeting the welsh puppies that are stopping wildlife poacher in africa,sports meeting the welsh puppies that are stopping wildlife poacher in africa
CNN,Photos reveal creepy crawlies in extreme detail,photos reveal creepy crawlies in extreme detail,photos reveal creepy crawlies in extreme detail
CNN,Picture reveal creepy crawlies in extreme detail,picture reveal creepy crawlies in extreme detail,picture reveal creepy crawlies in extreme detail
CNN,An artist used 35 million beads to transform a supersonic jet,an artist used 35 million beads to transform a supersonic jet,an artist used  million beads to transform a supersonic jet
CNN,An creative person used xxxv million beads to transmute a supersonic jet,an creative person used xxxv million beads to transmute a supersonic jet,an creative person used xxxv million beads to transmute a supersonic jet
CNN,"In photos: The secretive, colorful world of Ghanaian funerals","in photos: the secretive, colorful world of ghanaian funerals",in photos the secretive colorful world of ghanaian funerals
CNN,"In photos: The secretive, colored world of Ghanian funerals","in photos: the secretive, colored world of ghanian funerals",in photos the secretive colored world of ghanian funerals
CNN,The baguette faces an uncertain future. How France is rethinking its iconic loaves,the baguette faces an uncertain future. how france is rethinking its iconic loaves,the baguette faces an uncertain future how france is rethinking its iconic loaves
CNN,The baguette faces an incertain future. How France is rethink it iconic loaf,the baguette faces an incertain future. how france is rethink it iconic loaf,the baguette faces an incertain future how france is rethink it iconic loaf
CNN,Writer David Szalay wins prestigious Booker Prize for fiction,writer david szalay wins prestigious booker prize for fiction,writer david szalay wins prestigious booker prize for fiction
CNN,Writer David Szalay gain ground prestigious Booker Prize for fiction,writer david szalay gain ground prestigious booker prize for fiction,writer david szalay gain ground prestigious booker prize for fiction
CNN,Thailand ‘halts’ peace agreement with Cambodia,thailand ‘halts’ peace agreement with cambodia,thailand halts peace agreement with cambodia
CNN,Thailand ‘ halts ’ peace agreement with Cambodia,thailand ‘ halts ’ peace agreement with cambodia,thailand  halts  peace agreement with cambodia
CNN,Former French President Sarkozy released from prison pending appeal,former french president sarkozy released from prison pending appeal,former french president sarkozy released from prison pending appeal
CNN,Former French President Sarkozy release from prison pending appeal,former french president sarkozy release from prison pending appeal,former french president sarkozy release from prison pending appeal
CNN,At least 27 inmates killed by ‘asphyxiation’ in southern Ecuador in wave of prison violence,at least 27 inmates killed by ‘asphyxiation’ in southern ecuador in wave of prison violence,at least  inmates killed by asphyxiation in southern ecuador in wave of prison violence
CNN,At least 27 inmates stamp out by ‘ suffocation ’ in southern Republic of ecuador in wave of prison ferocity,at least 27 inmates stamp out by ‘ suffocation ’ in southern republic of ecuador in wave of prison ferocity,at least  inmates stamp out by  suffocation  in southern republic of ecuador in wave of prison ferocity
CNN,Millions of Ukrainians face dark and cold after one of Russia’s largest attacks on energy infrastructure,millions of ukrainians face dark and cold after one of russia’s largest attacks on energy infrastructure,millions of ukrainians face dark and cold after one of russias largest attacks on energy infrastructure
CNN,One thousand thousand of Ukrainians face dark and cold after one of Russia ’ s heavy flack on energy infrastructure,one thousand thousand of ukrainians face dark and cold after one of russia ’ s heavy flack on energy infrastructure,one thousand thousand of ukrainians face dark and cold after one of russia  s heavy flack on energy infrastructure
CNN,Syrian migrants in Germany face uncertain future as government floats repatriation,syrian migrants in germany face uncertain future as government floats repatriation,syrian migrants in germany face uncertain future as government floats repatriation
CNN,Syrian migrants in Germany facial expression uncertain futurity as government floats repatriation,syrian migrants in germany facial expression uncertain futurity as government floats repatriation,syrian migrants in germany facial expression uncertain futurity as government floats repatriation
CNN,Qantas releases first images of jet that will fly nonstop from Sydney to London and New York,qantas releases first images of jet that will fly nonstop from sydney to london and new york,qantas releases first images of jet that will fly nonstop from sydney to london and new york
CNN,Qantas releases first mental image of jet that will aviate nonstop from Sydney to London and New House of york,qantas releases first mental image of jet that will aviate nonstop from sydney to london and new house of york,qantas releases first mental image of jet that will aviate nonstop from sydney to london and new house of york
