Source,Headline
BBC,Trump v the BBC: What are the hurdles for US president's legal argument?
BBC,Cornet v the BBC: What are the hurdle for US president ' s sound contestation?
BBC,"Israel has destroyed more than 1,500 buildings in Gaza since ceasefire"
BBC,"Israel has destroyed more than than ace, 500 building in Gaza since ceasefire"
BBC,Trump v the BBC: What are the hurdles for US president's legal argument?
BBC,Trump v the BBC: What are the hurdle for u.s. president of the united states ' s effectual contestation?
BBC,"Israel has destroyed more than 1,500 buildings in Gaza since ceasefire"
BBC,"State of israel has destroyed more than 1, d buildings in Gaza strip since ceasefire"
BBC,Trump says he has 'obligation' to sue BBC over speech edit
BBC,Trump says he have got ' obligation ' to sue BBC complete language edit
BBC,"Starmer will fight attempts to replace him, allies say"
BBC,"Starmer leave fight attempts to supervene upon him, allies say"
BBC,"Suicide bombing in Islamabad kills 12, says Pakistan's interior minister"
BBC,"Self annihilation bombing in Capital of pakistan killing 12, says Pakistan ' s internal minister"
BBC,US aircraft carrier group arrives in Caribbean
BBC,united states of america aircraft carrier group arrives in Caribbean
BBC,Protesters break into COP30 venue in Brazil
BBC,Protesters transgress into COP30 locus in Brazil
BBC,Only from the BBC
BBC,Solely from the BBC
BBC,How Nasa spotted a tsunami in real time
BBC,How Nasa spotted a tsunami in genuine meter
BBC,How an Afghan child bride became one of Europe's top bodybuilders
BBC,How an Afghan child st. brigid become one and only of Europe ' s top bodybuilder
BBC,More news
BBC,More intelligence
BBC,How Japan PM's Taiwan remarks provoked the fury of China
BBC,How Japan post mortem ' s Taiwan remark provoked the fury of China
BBC,Two popular gay dating platforms removed from Apple app store in China
BBC,Two popular homosexual dating platforms take away from Apple app store in Prc
BBC,Moment newly opened bridge partially collapses in China
BBC,Moment newly opened nosepiece partially tumble in China
BBC,"Australia at risk of 'high-impact sabotage' from China, says spy chief"
BBC,"Australia at hazard of ' in high spirits - impact sabotage ' from Mainland china, says undercover agent chief"
BBC,Evidence of ancient tree-climbing 'drop crocs' found in Australia
BBC,Grounds of ancient tree - climbing ' drop crocs ' find in Australia
BBC,India's start-ups fire up public markets amid valuation concerns
BBC,Republic of india ' s start - ups fervidness up public markets amid valuation concerns
BBC,"China needs its youth to spend, but they are embracing frugality"
BBC,"China needs its youth to spend, but they be embracing frugality"
BBC,Must watch
BBC,Moldiness watch
BBC,Protesters clash with security at COP30 climate talks in Brazil
BBC,Protesters clash with security at COP30 climate talks in Brasil
BBC,Trump and Obama honour US troops for Veterans Day
BBC,Trump and Obama honor US troop for Veterans Day
BBC,Suicide attack outside Pakistan court kills 12
BBC,Suicide attack outside Islamic republic of pakistan court pour down 12
BBC,The Kenyan start-up aiming to electrify African transport
BBC,The Kenyan starting signal - up aiming to electrify African transportation
BBC,Lion saves pregnant hyena from wild dog attack
BBC,Lion saves fraught hyena from raving mad dog attack
BBC,"'I'm very proud of our journalists', says outgoing BBC director general"
BBC,"' I ' m really proud of our journalists ', say outgoing BBC film director general"
BBC,What would pundits change about football?
BBC,What would pundits change about football?
BBC,"'Government, just do your job': Frustration at US airports as shutdown delays continue"
BBC,"' Government, just do your job ': Defeat at US airdrome as shutdown delays continue"
BBC,Culture
BBC,Finish
BBC,Global girl group Katseye have received 'thousands' of death threats
BBC,Global girl mathematical group Katseye have incur ' thousands ' of death threats
BBC,Business
BBC,Commercial enterprise
BBC,Starbucks' baristas are striking again – will that hold back the chain's recovery?
BBC,Starbucks ' baristas are striking over again – will that book back the chain ' s retrieval?
BBC,US & Canada news
BBC,US & Canada word
BBC,JFK's grandson Jack Schlossberg to run for Congress
BBC,JFK ' s grandson Jack Schlossberg to lam for Congress
BBC,Indiana joins growing US battle over redrawing electoral maps
BBC,Indiana joins grow US battle over redrawing electoral function
BBC,Families of Camp Mystic victims sue owners over deadly Texas flood
BBC,Families of Refugee camp Mystic victims eugene sue owners over lifelessly Texas flood
BBC,Trump asks Supreme Court to overturn E Jean Carroll verdict
BBC,Trump asks Supreme Lawcourt to overturn E Jean Charles dodgson verdict
BBC,More world news
BBC,More mankind news
BBC,Thailand extradites owner of Myanmar scam city to China
BBC,Thailand deport owner of Myanmar diddle city to China
BBC,Schools go hybrid as Delhi's air quality worsens
BBC,School day go hybrid as Delhi ' s strain character worsens
BBC,Dominican Republic suffers nationwide power cut after 'cascade of failures'
BBC,Dominican Republic suffers nationwide superpower cut after ' cascade of bankruptcy '
BBC,How jihadists have brought a nation to a standstill with their fuel blockade
BBC,How jihadists have brought a nation to a standstill with their fuel encirclement
BBC,Business
BBC,Clientele
BBC,Four potential obstacles in House vote to end US shutdown
BBC,Four possible obstacles in House vote to end america shutdown
BBC,New consoles used to come out every five years – so where's the PlayStation 6?
BBC,New console table used to come forbidden every five year – hence where ' s the PlayStation 6?
BBC,UK toy sales up as 'kidults' buy Lego and Pokémon
BBC,UK miniature sales up as ' kidults ' buy Lego set and Pokémon
BBC,Battle over Chinese chip-maker rocks global car industry
BBC,Battle over Chinese chip - maker sway global elevator car industry
BBC,Sport
BBC,Mutation
BBC,'VAR has to rein its neck in' - how I'd change football for the fans
BBC,' VAR have to rein it neck opening in ' - how Atomic number 53 ' d alteration football for the fans
BBC,Kerr 'relishing every moment' after first Chelsea start in 692 days
BBC,Kerr ' relishing every import ' after first Chelsea start in 692 clarence day
BBC,Webb backs officials over disallowed Liverpool goal
BBC,Webb backs officials ended disallowed Liverpool goal
BBC,Wolff to sell stake valuing Mercedes F1 at £4.6bn
BBC,Kaspar friedrich wolff to sell stake assess Mercedes F1 at £ quatern. 6bn
BBC,Recommended Audio
BBC,Recommended Sound
BBC,Witness History
BBC,Attestor History
BBC,The Interview
BBC,The Consultation
BBC,Business Daily
BBC,Business Daily
BBC,Outlook
BBC,Mentality
BBC,Witness History
BBC,Attestor History
BBC,The Documentary Podcast
BBC,The Documentary Podcast
BBC,Business Daily
BBC,Clientele Daily
BBC,The Infinite Monkey Cage
BBC,The Infinite Rapscallion Cage
BBC,Tech
BBC,Technical school
BBC,UK seeking to curb AI child sex abuse imagery with tougher testing
BBC,UK seeking to curb bradypus tridactylus child sexuality abuse imagery with tougher examination
BBC,Man dances for 144 hours to break video game marathon record
BBC,Man dance for gross hours to break video game marathon phonograph recording
BBC,Cryptoqueen who fled China for London mansion jailed over £5bn Bitcoin stash
BBC,Cryptoqueen who fly China for London planetary house jailed over £ 5bn Bitcoin stash
BBC,TikTok creator 'so sorry' over cancer diagnosis lie
BBC,TikTok divine ' so sorry ' over cancer diagnosis trygve halvden lie
BBC,Science & health
BBC,Scientific discipline & health
BBC,"'My son, 4, has childhood dementia - I'm heartbroken'"
BBC,"' My logos, 4, have childhood dementia - I ' m heartbroken '"
BBC,Three easy ways to help you beat the winter blues
BBC,Three easy way to aid you beat the winter blues
BBC,William recalls Kate cancer talk with children
BBC,William recalls Kate crab talk with kid
BBC,"Canada loses its measles-free status, with US on track to follow"
BBC,"Canada recede its morbilli - free position, with US on cartroad to follow"
BBC,Culture
BBC,Refinement
BBC,The truth about Tudor England's 'most hated woman'
BBC,The truth about House of tudor England ' s ' nearly scorned woman '
BBC,"Jilly Cooper died from head injury, says coroner"
BBC,"Jilly Cooper died from caput injury, says medical examiner"
BBC,"'We've got to fight for our journalism,' BBC director general tells staff"
BBC,"' We ' ve got to fight for our news media, ' BBC director general tells stave"
BBC,Ariana Grande: Going brunette is not about saying goodbye to Glinda
BBC,Ariana Grande: Lead brunette follow not about saying auf wiedersehen to Glinda
BBC,Arts
BBC,Artwork
BBC,Why history's 'most controversial' queen was so hated
BBC,Why history ' s ' most controversial ' pouf was so detested
BBC,"The chair that took 10,000 hours to create"
BBC,"The chair that took tenner, 000 hour to make"
BBC,Why a poem outraged 1980s Britain
BBC,Why a poem scandalise 1980s U.k.
BBC,The clues hidden in a true-crime masterpiece
BBC,The clew hidden in a true - crime chef d'oeuvre
BBC,Watch
BBC,Ticker
BBC,Lion saves pregnant hyena from wild dog attack
BBC,Lion saves pregnant hyena from dotty canis familiaris attack
BBC,Travel
BBC,Locomotion
BBC,Where to find Boston's best clam chowder
BBC,Where to find Boston ' s best buck chowder
BBC,Why you should book your 2026 eclipse trip today
BBC,Wherefore you should book your 2026 eclipse misstep today
BBC,How soon is too soon to visit after a disaster?
BBC,How soon be too soon to visit after a catastrophe?
BBC,Five of the best rooftop bars in Chicago
BBC,Five of the right rooftop bars in Chicago
BBC,World's Table
BBC,Cosmos ' s Table
BBC,What Mamdani's win means for NYC's food scene
BBC,What Mamdani ' s profits means for NYC ' s intellectual nourishment scene
BBC,Why Marseille restaurants are offering gourmet food for €1
BBC,Why Marseille eating place are offering foodie food for thought for € 1
BBC,100 dishes in 40 days: India's epic wedding feast
BBC,100 dish in 40 daytime: India ' south epic wedding feast
BBC,The controversial snack that fuels Norwegian trips
BBC,The controversial snack that fuels Norse trips
BBC,Earth
BBC,Earthly concern
BBC,New 'Lucifer' bee with devil-like horns found in Australia
BBC,New ' The tempter ' bee with devil - like horns found in Commonwealth of australia
BBC,'This animal spared my life': Biologist bitten in head by shark hopes to meet it again
BBC,' This animal spar my life ': Life scientist bitten in head by shark hope to encounter it again
BBC,"Once a sure thing, Australia's bid to host COP31 falters amid deadlock with Turkey"
BBC,"Once a trusted thing, Australia ' randomness bid to host COP31 falters amid deadlock with Turkey"
BBC,Saving the Amazon's mystical pink river dolphins
BBC,Saving the Amazon river ' s occult pinko river dolphins
BBC,Video
BBC,Telecasting
BBC,A rare glimpse into the world's most trafficked mammal
BBC,A rare glance into the world ' s most trafficked mammalian
BBC,Why your brain can't help copying the way others speak
BBC,Why your brain can ' t assistance simulate the way others speak
BBC,What lies behind Kazakhstan's mysterious stone spheres?
BBC,What lies behind Kazakh ' s mysterious pit spheres?
BBC,Döstädning: The gentle art of Swedish death cleaning
BBC,Döstädning: The gentle nontextual matter of Swedish expiry cleaning
BBC,Discover more from the BBC
BBC,Discover more from the BBC
BBC,US Politics Unspun
BBC,US Politics Unspun
BBC,Download the BBC app
BBC,Download the BBC app
BBC,Sign up to World of Business
BBC,Sign upwards to World of Business
BBC,Register for a BBC account
BBC,Register for a BBC account
BBC,Sign up for the Essential List
BBC,Signboard up for the Essential List
CNN,COP30 in Brazil
CNN,COP30 in Brazil
CNN,Islamabad suicide attack
CNN,Islamabad felo de se attack
CNN,What is ‘Project Athena’?
CNN,What is ‘ Task Athena ’?
CNN,Futuristic planes
CNN,Futuristic airplane
CNN,Sinner-Alcaraz rivalry
CNN,Sinner - Alcaraz rivalry
CNN,How to ‘snore-proof’ sexual relationships
CNN,How to ‘ snore - proof ’ sexual relationship
CNN,‘Toy Story 5’
CNN,‘ Toy Write up 5 ’
CNN,"As US House of Representatives reopens for key vote, things may worsen for Speaker Johnson"
CNN,"As US House of Spokesperson reopens for key vote, things may worsen for Speaker system Lyndon johnson"
CNN,What’s in the bill to reopen the federal government?
CNN,What ’ mho in the federal reserve note to reopen the union government?
CNN,Bridge partially collapses in China
CNN,Bridge partially collapses in Republic of china
CNN,He was dictator who led sweeping massacres. Why is he now a ‘national hero’?
CNN,He cost dictator world health organization lead sweeping massacres. Why constitute he now a ‘ national hero ’?
CNN,"Decision comes amid concerns about the legality of US military strikes on alleged drug boats, sources tell CNN"
CNN,"Decision comes amid concerns about the legality of US military ten strike on alleged drug boats, source tell CNN"
CNN,A timeline of US strikes on boats that have killed 76
CNN,A timeline of atomic number 92 strikes on boats that give killed 76
CNN,Venezuela announces ‘massive mobilization’ of military forces as US’ largest warship sails into region
CNN,Venezuela announces ‘ massive militarisation ’ of military forces as uranium ’ big war vessel sails into region
CNN,Here’s what the US military is using to strike alleged drug boats
CNN,Here ’ s what the US military is apply to strike alleged drug boats
CNN,Catch up on today’s global news
CNN,Catch up on today ’ s spherical news
CNN,Breathtaking northern lights splash across the night skies as far south as Florida
CNN,Breathtaking northern lighting plash across the night sky as far south as Florida
CNN,‘Horizon’ plane’s futuristic shape could revolutionize flying
CNN,‘ Horizon ’ plane ’ s futuristic shape could revolutionize fly
CNN,"How it feels to spend $10M on a bag, according to the man who did it"
CNN,"How information technology find to spend $ 10M on a bag, allot to the man who did it"
CNN,Screens are the enemy in new ‘Toy Story 5’ teaser trailer
CNN,Screens be the enemy in fresh ‘ Toy Story 5 ’ teaser trailer
CNN,Dozens of Israeli settlers launch arson attack in West Bank as attacks against Palestinians surge
CNN,Twelve of Israeli settlers launch arson flack in West Bank building as attacks against Palestinian surge
CNN,Two of China’s most popular gay dating apps have disappeared from app stores
CNN,Two of China ’ s most popular homophile go out apps have go away from app stores
CNN,Search continues for Rohingya refugees after boat capsizes
CNN,Search continue for Rohingya refugees after boat capsizes
CNN,At least 12 killed in Islamabad suicide attack – the most deadly assault in the Pakistani capital since 2008
CNN,At least 12 defeat in Islamabad suicide onslaught – the most deadly assault in the Pakistani das kapital since 2008
CNN,Footage shows Russian troops approaching key Ukrainian city
CNN,Footage present Russian troops approaching key Ukrainian metropolis
CNN,"Venezuelans deported from US to Salvadoran prison subjected to torture, rights groups claim in new report"
CNN,"Venezuelans comport from US to Salvadoran prison subjected to torture, rights chemical group lay claim in new report card"
CNN,This portrait could become one of most expensive paintings ever publicly sold
CNN,This portrait could go nonpareil of near expensive paintings ever publicly sold
CNN,Unseen photos reveal another side to 1970s Lagos
CNN,Unobserved pic reveal another side to 1970s Lagos
CNN,A block of white and green jadeite has its own exhibition hall in Taiwan. Here’s why it’s so endearing
CNN,A engine block of white and green jadeite has information technology own exposition hall in Taiwan. Hither ’ s why it ’ s thusly endearing
CNN,"Protesters force their way into COP30 summit venue, clash with security"
CNN,"Protesters squeeze their way into COP30 summit venue, clash with security"
CNN,What is COP30 and why does it matter?
CNN,What is COP30 and why make information technology matter?
CNN,How couples can ‘snore-proof’ their sexual relationship
CNN,How couples can ‘ snore - proof ’ their sexual relationship
CNN,Pressure grows for release of penguins ‘trapped’ at London aquarium
CNN,Pressure grows for acquittance of penguins ‘ ensnare ’ at London fish tank
CNN,"Forget Christmas. In Sicily, they’re already thinking of Easter"
CNN,"Forget Christmas. In Sicily, they ’ re already thinking of Easter"
CNN,Trump’s flailing on the economy is worse than Biden’s
CNN,Trump ’ s thresh on the economy is worse than Biden ’ s
CNN,Trump just floated a 50-year mortgage. Is that a good idea?
CNN,Trump just float a 50 - year mortgage. Be that a good estimation?
CNN,Travelers and staff left stranded after hotel chain’s sudden closure
CNN,Travelers and staff leave stranded after hotel chain ’ s sudden closure
CNN,Why is Trump threatening to sue the BBC for $1 billion?
CNN,Why is Trump threatening to sue the BBC for $ one billion?
CNN,"Jack Schlossberg, John F. Kennedy’s grandson, running for US House seat"
CNN,"Jack Schlossberg, John the divine Degree fahrenheit. Kennedy ’ s grandson, running for u.s.a. House seat"
CNN,US Supreme Court keeps full SNAP payments on hold with short term order
CNN,US Supreme Court keeps full SNAP defrayal on hold with shortsighted term order
CNN,A plan written by Trump’s NASA pick was leaked. Here’s what to know about ‘Project Athena’
CNN,A plan written by Trump card ’ s NASA plectrum was leaked. Here ’ s what to know astir ‘ Project Pallas athene ’
CNN,Wind turbines kill millions of bats; microphones could protect them
CNN,Wind turbine drink down millions of bats; mike could protect them
CNN,Has the cash-strapped American worker fallen out of love with slop?
CNN,Has the hard cash - strapped American worker fallen out of dear with slop?
CNN,Tony Shalhoub never knew this ice cream flavor existed. Now it’s his favorite
CNN,Tony Shalhoub ne'er knew this ice cream flavor existed. Like a shot it ’ s his favorite
CNN,"Record-breaking cold settles in across parts of US, but another big change is coming"
CNN,"Record - go cold settle in across parts of US, merely another big change is number"
CNN,‘Volnado’ spotted near Hawaii’s Kilauea volcanic eruption
CNN,‘ Volnado ’ espy near Hawaii ’ s Kilauea volcanic eruption
CNN,Chinese ‘cryptoqueen’ who had royal aspirations jailed in UK over $6.6 billion Bitcoin scam
CNN,Formosan ‘ cryptoqueen ’ who had royal aspirations remand in UK over $ 6. captain hicks gazillion Bitcoin scam
CNN,The latest chapter of the ‘Sincaraz’ rivalry in Turin brings curtain down on year of dominance
CNN,The latest chapter of the ‘ Sincaraz ’ rivalry in Turin brings curtain down on twelvemonth of ascendancy
CNN,Paris Jackson reveals she has a perforated septum: ‘Don’t do drugs kids’
CNN,City of light Jackson reveals she has a perforate septum: ‘ Don river ’ t do drugs kids ’
CNN,Afghan women not allowed into hospitals without burqas
CNN,Afghan woman non allowed into hospitals without burqas
CNN,Is having a boyfriend embarrassing now? CNN speaks to author
CNN,Cost having a boyfriend embarrassing at present? CNN speaks to author
CNN,CNN asks Ronaldo if he will play in next World Cup
CNN,CNN asks Ronaldo if helium will dally in next Populace Cup
CNN,Tennis icons discuss their rivalry
CNN,Lawn tennis icon discuss their rivalry
CNN,The tallest king and queen of New York were crowned
CNN,The tallest king and queer of New York constitute crown
CNN,Travelers and staff left stranded after hotel chain’s sudden closure
CNN,Travelers and stave left stranded after hotel chain ’ s sudden closure
CNN,JFK’s grandson announces run for Congress
CNN,JFK ’ s grandson announces run for Us congress
CNN,Indigenous protesters clash with COP30 security
CNN,Indigenous protesters clash with COP30 security measure
CNN,Venezuela mobilizes forces as largest US warship enters region
CNN,Venezuela call up forces as largest US warship enters neighborhood
CNN,"Erin Burnett: Are you really getting a $2,000 check?"
CNN,"Erin Burnett: Be you really baffle a $ two, 000 check?"
CNN,House Democrat to his Republican colleagues: ‘Where the hell have you been?’
CNN,House Democrat to his Republican colleagues: ‘ Where the hell have you embody? ’
CNN,Bridge partially collapses in China
CNN,Bridge partially collapses in Prc
CNN,Israeli settlers launch arson attack in occupied West Bank
CNN,Israeli settlers launch arson attack in engaged Mae west Cant
CNN,What the next 48 hours may look like for the shutdown
CNN,What the future 48 minute may look like for the shutdown
CNN,Footage shows Russian troops approaching key Ukrainian city
CNN,Footage shows Russian troops approaching fundamental Ukrainian city
CNN,UK suspends some intelligence sharing with US over boat strike concerns
CNN,UK suspend some intelligence sharing with u over boat strike concerns
CNN,Families sue Camp Mystic
CNN,Families sue Encampment Mystic
CNN,Homeless graduate can’t find full-time work in NYC
CNN,Homeless alumna can ’ t find full - time work in NYC
CNN,There’s a dolphin living in the Venice canals
CNN,There ’ s a dolphin life in the Venice channel
CNN,Senate candidate is latest politician to scrub ‘defund the police’ posts
CNN,Senate candidate is latest political leader to scrub ‘ defund the law ’ posts
CNN,‘Shark Tank’ judge reacts to Trump’s 50-year mortgage proposal
CNN,‘ Shark Tank ’ judge reacts to Trump ’ s l - year mortgage proposal
CNN,Popular gay dating apps removed in Mainland China
CNN,Popular gay date apps take away in Mainland China
CNN,Search continues for Rohingya refugees after boat capsizes
CNN,Lookup continues for Rohingya refugees after boat capsizes
CNN,India on high alert after deadly blast
CNN,Republic of india on high alert after devilishly blast
CNN,‘Volnado’ spotted near Hawaii’s Kilauea volcanic eruption
CNN,‘ Volnado ’ spotted near Hawaii ’ s Kilauea volcanic eruption
CNN,Meet the Welsh puppies that are stopping wildlife poachers in Africa
CNN,Sports meeting the Welsh puppies that are stopping wildlife poacher in Africa
CNN,Photos reveal creepy crawlies in extreme detail
CNN,Picture reveal creepy crawlies in extreme detail
CNN,An artist used 35 million beads to transform a supersonic jet
CNN,An creative person used xxxv million beads to transmute a supersonic jet
CNN,"In photos: The secretive, colorful world of Ghanaian funerals"
CNN,"In photos: The secretive, colored world of Ghanian funerals"
CNN,The baguette faces an uncertain future. How France is rethinking its iconic loaves
CNN,The baguette faces an incertain future. How France is rethink it iconic loaf
CNN,Writer David Szalay wins prestigious Booker Prize for fiction
CNN,Writer David Szalay gain ground prestigious Booker Prize for fiction
CNN,Thailand ‘halts’ peace agreement with Cambodia
CNN,Thailand ‘ halts ’ peace agreement with Cambodia
CNN,Former French President Sarkozy released from prison pending appeal
CNN,Former French President Sarkozy release from prison pending appeal
CNN,At least 27 inmates killed by ‘asphyxiation’ in southern Ecuador in wave of prison violence
CNN,At least 27 inmates stamp out by ‘ suffocation ’ in southern Republic of ecuador in wave of prison ferocity
CNN,Millions of Ukrainians face dark and cold after one of Russia’s largest attacks on energy infrastructure
CNN,One thousand thousand of Ukrainians face dark and cold after one of Russia ’ s heavy flack on energy infrastructure
CNN,Syrian migrants in Germany face uncertain future as government floats repatriation
CNN,Syrian migrants in Germany facial expression uncertain futurity as government floats repatriation
CNN,Qantas releases first images of jet that will fly nonstop from Sydney to London and New York
CNN,Qantas releases first mental image of jet that will aviate nonstop from Sydney to London and New House of york
