Source,Headline,lower_headline,cleaned_text,No_stopwords,Lemmatized
BBC,Trump v the BBC: What are the hurdles for US president's legal argument?,trump v the bbc: what are the hurdles for us president's legal argument?,trump v the bbc what are the hurdles for us presidents legal argument,trump v bbc hurdles us presidents legal argument,trump v bbc hurdle u president legal argument
BBC,Cornet v the BBC: What are the hurdle for US president ' s sound contestation?,cornet v the bbc: what are the hurdle for us president ' s sound contestation?,cornet v the bbc what are the hurdle for us president  s sound contestation,cornet v bbc hurdle us president sound contestation,cornet v bbc hurdle u president sound contestation
BBC,"Israel has destroyed more than 1,500 buildings in Gaza since ceasefire","israel has destroyed more than 1,500 buildings in gaza since ceasefire",israel has destroyed more than  buildings in gaza since ceasefire,israel destroyed buildings gaza since ceasefire,israel destroyed building gaza since ceasefire
BBC,"Israel has destroyed more than than ace, 500 building in Gaza since ceasefire","israel has destroyed more than than ace, 500 building in gaza since ceasefire",israel has destroyed more than than ace  building in gaza since ceasefire,israel destroyed ace building gaza since ceasefire,israel destroyed ace building gaza since ceasefire
BBC,Trump v the BBC: What are the hurdle for u.s. president of the united states ' s effectual contestation?,trump v the bbc: what are the hurdle for u.s. president of the united states ' s effectual contestation?,trump v the bbc what are the hurdle for us president of the united states  s effectual contestation,trump v bbc hurdle us president united states effectual contestation,trump v bbc hurdle u president united state effectual contestation
BBC,"State of israel has destroyed more than 1, d buildings in Gaza strip since ceasefire","state of israel has destroyed more than 1, d buildings in gaza strip since ceasefire",state of israel has destroyed more than  d buildings in gaza strip since ceasefire,state israel destroyed buildings gaza strip since ceasefire,state israel destroyed building gaza strip since ceasefire
BBC,Trump says he has 'obligation' to sue BBC over speech edit,trump says he has 'obligation' to sue bbc over speech edit,trump says he has obligation to sue bbc over speech edit,trump says obligation sue bbc speech edit,trump say obligation sue bbc speech edit
BBC,Trump says he have got ' obligation ' to sue BBC complete language edit,trump says he have got ' obligation ' to sue bbc complete language edit,trump says he have got  obligation  to sue bbc complete language edit,trump says got obligation sue bbc complete language edit,trump say got obligation sue bbc complete language edit
BBC,"Starmer will fight attempts to replace him, allies say","starmer will fight attempts to replace him, allies say",starmer will fight attempts to replace him allies say,starmer fight attempts replace allies say,starmer fight attempt replace ally say
BBC,"Starmer leave fight attempts to supervene upon him, allies say","starmer leave fight attempts to supervene upon him, allies say",starmer leave fight attempts to supervene upon him allies say,starmer leave fight attempts supervene upon allies say,starmer leave fight attempt supervene upon ally say
BBC,"Suicide bombing in Islamabad kills 12, says Pakistan's interior minister","suicide bombing in islamabad kills 12, says pakistan's interior minister",suicide bombing in islamabad kills  says pakistans interior minister,suicide bombing islamabad kills says pakistans interior minister,suicide bombing islamabad kill say pakistan interior minister
BBC,"Self annihilation bombing in Capital of pakistan killing 12, says Pakistan ' s internal minister","self annihilation bombing in capital of pakistan killing 12, says pakistan ' s internal minister",self annihilation bombing in capital of pakistan killing  says pakistan  s internal minister,self annihilation bombing capital pakistan killing says pakistan internal minister,self annihilation bombing capital pakistan killing say pakistan internal minister
BBC,US aircraft carrier group arrives in Caribbean,us aircraft carrier group arrives in caribbean,us aircraft carrier group arrives in caribbean,us aircraft carrier group arrives caribbean,u aircraft carrier group arrives caribbean
BBC,united states of america aircraft carrier group arrives in Caribbean,united states of america aircraft carrier group arrives in caribbean,united states of america aircraft carrier group arrives in caribbean,united states america aircraft carrier group arrives caribbean,united state america aircraft carrier group arrives caribbean
BBC,Protesters break into COP30 venue in Brazil,protesters break into cop30 venue in brazil,protesters break into cop venue in brazil,protesters break cop venue brazil,protester break cop venue brazil
BBC,Protesters transgress into COP30 locus in Brazil,protesters transgress into cop30 locus in brazil,protesters transgress into cop locus in brazil,protesters transgress cop locus brazil,protester transgress cop locus brazil
BBC,Only from the BBC,only from the bbc,only from the bbc,bbc,bbc
BBC,Solely from the BBC,solely from the bbc,solely from the bbc,solely bbc,solely bbc
BBC,How Nasa spotted a tsunami in real time,how nasa spotted a tsunami in real time,how nasa spotted a tsunami in real time,nasa spotted tsunami real time,nasa spotted tsunami real time
BBC,How Nasa spotted a tsunami in genuine meter,how nasa spotted a tsunami in genuine meter,how nasa spotted a tsunami in genuine meter,nasa spotted tsunami genuine meter,nasa spotted tsunami genuine meter
BBC,How an Afghan child bride became one of Europe's top bodybuilders,how an afghan child bride became one of europe's top bodybuilders,how an afghan child bride became one of europes top bodybuilders,afghan child bride became one europes top bodybuilders,afghan child bride became one europe top bodybuilder
BBC,How an Afghan child st. brigid become one and only of Europe ' s top bodybuilder,how an afghan child st. brigid become one and only of europe ' s top bodybuilder,how an afghan child st brigid become one and only of europe  s top bodybuilder,afghan child st brigid become one europe top bodybuilder,afghan child st brigid become one europe top bodybuilder
BBC,More news,more news,more news,news,news
BBC,More intelligence,more intelligence,more intelligence,intelligence,intelligence
BBC,How Japan PM's Taiwan remarks provoked the fury of China,how japan pm's taiwan remarks provoked the fury of china,how japan pms taiwan remarks provoked the fury of china,japan pms taiwan remarks provoked fury china,japan pm taiwan remark provoked fury china
BBC,How Japan post mortem ' s Taiwan remark provoked the fury of China,how japan post mortem ' s taiwan remark provoked the fury of china,how japan post mortem  s taiwan remark provoked the fury of china,japan post mortem taiwan remark provoked fury china,japan post mortem taiwan remark provoked fury china
BBC,Two popular gay dating platforms removed from Apple app store in China,two popular gay dating platforms removed from apple app store in china,two popular gay dating platforms removed from apple app store in china,two popular gay dating platforms removed apple app store china,two popular gay dating platform removed apple app store china
BBC,Two popular homosexual dating platforms take away from Apple app store in Prc,two popular homosexual dating platforms take away from apple app store in prc,two popular homosexual dating platforms take away from apple app store in prc,two popular homosexual dating platforms take away apple app store prc,two popular homosexual dating platform take away apple app store prc
BBC,Moment newly opened bridge partially collapses in China,moment newly opened bridge partially collapses in china,moment newly opened bridge partially collapses in china,moment newly opened bridge partially collapses china,moment newly opened bridge partially collapse china
BBC,Moment newly opened nosepiece partially tumble in China,moment newly opened nosepiece partially tumble in china,moment newly opened nosepiece partially tumble in china,moment newly opened nosepiece partially tumble china,moment newly opened nosepiece partially tumble china
BBC,"Australia at risk of 'high-impact sabotage' from China, says spy chief","australia at risk of 'high-impact sabotage' from china, says spy chief",australia at risk of highimpact sabotage from china says spy chief,australia risk highimpact sabotage china says spy chief,australia risk highimpact sabotage china say spy chief
BBC,"Australia at hazard of ' in high spirits - impact sabotage ' from Mainland china, says undercover agent chief","australia at hazard of ' in high spirits - impact sabotage ' from mainland china, says undercover agent chief",australia at hazard of  in high spirits  impact sabotage  from mainland china says undercover agent chief,australia hazard high spirits impact sabotage mainland china says undercover agent chief,australia hazard high spirit impact sabotage mainland china say undercover agent chief
BBC,Evidence of ancient tree-climbing 'drop crocs' found in Australia,evidence of ancient tree-climbing 'drop crocs' found in australia,evidence of ancient treeclimbing drop crocs found in australia,evidence ancient treeclimbing drop crocs found australia,evidence ancient treeclimbing drop crocs found australia
BBC,Grounds of ancient tree - climbing ' drop crocs ' find in Australia,grounds of ancient tree - climbing ' drop crocs ' find in australia,grounds of ancient tree  climbing  drop crocs  find in australia,grounds ancient tree climbing drop crocs find australia,ground ancient tree climbing drop crocs find australia
BBC,India's start-ups fire up public markets amid valuation concerns,india's start-ups fire up public markets amid valuation concerns,indias startups fire up public markets amid valuation concerns,indias startups fire public markets amid valuation concerns,india startup fire public market amid valuation concern
BBC,Republic of india ' s start - ups fervidness up public markets amid valuation concerns,republic of india ' s start - ups fervidness up public markets amid valuation concerns,republic of india  s start  ups fervidness up public markets amid valuation concerns,republic india start ups fervidness public markets amid valuation concerns,republic india start ups fervidness public market amid valuation concern
BBC,"China needs its youth to spend, but they are embracing frugality","china needs its youth to spend, but they are embracing frugality",china needs its youth to spend but they are embracing frugality,china needs youth spend embracing frugality,china need youth spend embracing frugality
BBC,"China needs its youth to spend, but they be embracing frugality","china needs its youth to spend, but they be embracing frugality",china needs its youth to spend but they be embracing frugality,china needs youth spend embracing frugality,china need youth spend embracing frugality
BBC,Must watch,must watch,must watch,must watch,must watch
BBC,Moldiness watch,moldiness watch,moldiness watch,moldiness watch,moldiness watch
BBC,Protesters clash with security at COP30 climate talks in Brazil,protesters clash with security at cop30 climate talks in brazil,protesters clash with security at cop climate talks in brazil,protesters clash security cop climate talks brazil,protester clash security cop climate talk brazil
BBC,Protesters clash with security at COP30 climate talks in Brasil,protesters clash with security at cop30 climate talks in brasil,protesters clash with security at cop climate talks in brasil,protesters clash security cop climate talks brasil,protester clash security cop climate talk brasil
BBC,Trump and Obama honour US troops for Veterans Day,trump and obama honour us troops for veterans day,trump and obama honour us troops for veterans day,trump obama honour us troops veterans day,trump obama honour u troop veteran day
BBC,Trump and Obama honor US troop for Veterans Day,trump and obama honor us troop for veterans day,trump and obama honor us troop for veterans day,trump obama honor us troop veterans day,trump obama honor u troop veteran day
BBC,Suicide attack outside Pakistan court kills 12,suicide attack outside pakistan court kills 12,suicide attack outside pakistan court kills,suicide attack outside pakistan court kills,suicide attack outside pakistan court kill
BBC,Suicide attack outside Islamic republic of pakistan court pour down 12,suicide attack outside islamic republic of pakistan court pour down 12,suicide attack outside islamic republic of pakistan court pour down,suicide attack outside islamic republic pakistan court pour,suicide attack outside islamic republic pakistan court pour
BBC,The Kenyan start-up aiming to electrify African transport,the kenyan start-up aiming to electrify african transport,the kenyan startup aiming to electrify african transport,kenyan startup aiming electrify african transport,kenyan startup aiming electrify african transport
BBC,The Kenyan starting signal - up aiming to electrify African transportation,the kenyan starting signal - up aiming to electrify african transportation,the kenyan starting signal  up aiming to electrify african transportation,kenyan starting signal aiming electrify african transportation,kenyan starting signal aiming electrify african transportation
BBC,Lion saves pregnant hyena from wild dog attack,lion saves pregnant hyena from wild dog attack,lion saves pregnant hyena from wild dog attack,lion saves pregnant hyena wild dog attack,lion save pregnant hyena wild dog attack
BBC,Lion saves fraught hyena from raving mad dog attack,lion saves fraught hyena from raving mad dog attack,lion saves fraught hyena from raving mad dog attack,lion saves fraught hyena raving mad dog attack,lion save fraught hyena raving mad dog attack
BBC,"'I'm very proud of our journalists', says outgoing BBC director general","'i'm very proud of our journalists', says outgoing bbc director general",im very proud of our journalists says outgoing bbc director general,im proud journalists says outgoing bbc director general,im proud journalist say outgoing bbc director general
BBC,"' I ' m really proud of our journalists ', say outgoing BBC film director general","' i ' m really proud of our journalists ', say outgoing bbc film director general",i  m really proud of our journalists  say outgoing bbc film director general,really proud journalists say outgoing bbc film director general,really proud journalist say outgoing bbc film director general
BBC,What would pundits change about football?,what would pundits change about football?,what would pundits change about football,would pundits change football,would pundit change football
BBC,"'Government, just do your job': Frustration at US airports as shutdown delays continue","'government, just do your job': frustration at us airports as shutdown delays continue",government just do your job frustration at us airports as shutdown delays continue,government job frustration us airports shutdown delays continue,government job frustration u airport shutdown delay continue
BBC,"' Government, just do your job ': Defeat at US airdrome as shutdown delays continue","' government, just do your job ': defeat at us airdrome as shutdown delays continue",government just do your job  defeat at us airdrome as shutdown delays continue,government job defeat us airdrome shutdown delays continue,government job defeat u airdrome shutdown delay continue
BBC,Culture,culture,culture,culture,culture
BBC,Finish,finish,finish,finish,finish
BBC,Global girl group Katseye have received 'thousands' of death threats,global girl group katseye have received 'thousands' of death threats,global girl group katseye have received thousands of death threats,global girl group katseye received thousands death threats,global girl group katseye received thousand death threat
BBC,Global girl mathematical group Katseye have incur ' thousands ' of death threats,global girl mathematical group katseye have incur ' thousands ' of death threats,global girl mathematical group katseye have incur  thousands  of death threats,global girl mathematical group katseye incur thousands death threats,global girl mathematical group katseye incur thousand death threat
BBC,Business,business,business,business,business
BBC,Commercial enterprise,commercial enterprise,commercial enterprise,commercial enterprise,commercial enterprise
BBC,Starbucks' baristas are striking again – will that hold back the chain's recovery?,starbucks' baristas are striking again – will that hold back the chain's recovery?,starbucks baristas are striking again  will that hold back the chains recovery,starbucks baristas striking hold back chains recovery,starbucks baristas striking hold back chain recovery
BBC,Starbucks ' baristas are striking over again – will that book back the chain ' s retrieval?,starbucks ' baristas are striking over again – will that book back the chain ' s retrieval?,starbucks  baristas are striking over again  will that book back the chain  s retrieval,starbucks baristas striking book back chain retrieval,starbucks baristas striking book back chain retrieval
BBC,US & Canada news,us & canada news,us  canada news,us canada news,u canada news
BBC,US & Canada word,us & canada word,us  canada word,us canada word,u canada word
BBC,JFK's grandson Jack Schlossberg to run for Congress,jfk's grandson jack schlossberg to run for congress,jfks grandson jack schlossberg to run for congress,jfks grandson jack schlossberg run congress,jfk grandson jack schlossberg run congress
BBC,JFK ' s grandson Jack Schlossberg to lam for Congress,jfk ' s grandson jack schlossberg to lam for congress,jfk  s grandson jack schlossberg to lam for congress,jfk grandson jack schlossberg lam congress,jfk grandson jack schlossberg lam congress
BBC,Indiana joins growing US battle over redrawing electoral maps,indiana joins growing us battle over redrawing electoral maps,indiana joins growing us battle over redrawing electoral maps,indiana joins growing us battle redrawing electoral maps,indiana join growing u battle redrawing electoral map
BBC,Indiana joins grow US battle over redrawing electoral function,indiana joins grow us battle over redrawing electoral function,indiana joins grow us battle over redrawing electoral function,indiana joins grow us battle redrawing electoral function,indiana join grow u battle redrawing electoral function
BBC,Families of Camp Mystic victims sue owners over deadly Texas flood,families of camp mystic victims sue owners over deadly texas flood,families of camp mystic victims sue owners over deadly texas flood,families camp mystic victims sue owners deadly texas flood,family camp mystic victim sue owner deadly texas flood
BBC,Families of Refugee camp Mystic victims eugene sue owners over lifelessly Texas flood,families of refugee camp mystic victims eugene sue owners over lifelessly texas flood,families of refugee camp mystic victims eugene sue owners over lifelessly texas flood,families refugee camp mystic victims eugene sue owners lifelessly texas flood,family refugee camp mystic victim eugene sue owner lifelessly texas flood
BBC,Trump asks Supreme Court to overturn E Jean Carroll verdict,trump asks supreme court to overturn e jean carroll verdict,trump asks supreme court to overturn e jean carroll verdict,trump asks supreme court overturn e jean carroll verdict,trump asks supreme court overturn e jean carroll verdict
BBC,Trump asks Supreme Lawcourt to overturn E Jean Charles dodgson verdict,trump asks supreme lawcourt to overturn e jean charles dodgson verdict,trump asks supreme lawcourt to overturn e jean charles dodgson verdict,trump asks supreme lawcourt overturn e jean charles dodgson verdict,trump asks supreme lawcourt overturn e jean charles dodgson verdict
BBC,More world news,more world news,more world news,world news,world news
BBC,More mankind news,more mankind news,more mankind news,mankind news,mankind news
BBC,Thailand extradites owner of Myanmar scam city to China,thailand extradites owner of myanmar scam city to china,thailand extradites owner of myanmar scam city to china,thailand extradites owner myanmar scam city china,thailand extradites owner myanmar scam city china
BBC,Thailand deport owner of Myanmar diddle city to China,thailand deport owner of myanmar diddle city to china,thailand deport owner of myanmar diddle city to china,thailand deport owner myanmar diddle city china,thailand deport owner myanmar diddle city china
BBC,Schools go hybrid as Delhi's air quality worsens,schools go hybrid as delhi's air quality worsens,schools go hybrid as delhis air quality worsens,schools go hybrid delhis air quality worsens,school go hybrid delhi air quality worsens
BBC,School day go hybrid as Delhi ' s strain character worsens,school day go hybrid as delhi ' s strain character worsens,school day go hybrid as delhi  s strain character worsens,school day go hybrid delhi strain character worsens,school day go hybrid delhi strain character worsens
BBC,Dominican Republic suffers nationwide power cut after 'cascade of failures',dominican republic suffers nationwide power cut after 'cascade of failures',dominican republic suffers nationwide power cut after cascade of failures,dominican republic suffers nationwide power cut cascade failures,dominican republic suffers nationwide power cut cascade failure
BBC,Dominican Republic suffers nationwide superpower cut after ' cascade of bankruptcy ',dominican republic suffers nationwide superpower cut after ' cascade of bankruptcy ',dominican republic suffers nationwide superpower cut after  cascade of bankruptcy,dominican republic suffers nationwide superpower cut cascade bankruptcy,dominican republic suffers nationwide superpower cut cascade bankruptcy
BBC,How jihadists have brought a nation to a standstill with their fuel blockade,how jihadists have brought a nation to a standstill with their fuel blockade,how jihadists have brought a nation to a standstill with their fuel blockade,jihadists brought nation standstill fuel blockade,jihadist brought nation standstill fuel blockade
BBC,How jihadists have brought a nation to a standstill with their fuel encirclement,how jihadists have brought a nation to a standstill with their fuel encirclement,how jihadists have brought a nation to a standstill with their fuel encirclement,jihadists brought nation standstill fuel encirclement,jihadist brought nation standstill fuel encirclement
BBC,Clientele,clientele,clientele,clientele,clientele
BBC,Four potential obstacles in House vote to end US shutdown,four potential obstacles in house vote to end us shutdown,four potential obstacles in house vote to end us shutdown,four potential obstacles house vote end us shutdown,four potential obstacle house vote end u shutdown
BBC,Four possible obstacles in House vote to end america shutdown,four possible obstacles in house vote to end america shutdown,four possible obstacles in house vote to end america shutdown,four possible obstacles house vote end america shutdown,four possible obstacle house vote end america shutdown
BBC,New consoles used to come out every five years – so where's the PlayStation 6?,new consoles used to come out every five years – so where's the playstation 6?,new consoles used to come out every five years  so wheres the playstation,new consoles used come every five years wheres playstation,new console used come every five year wheres playstation
BBC,New console table used to come forbidden every five year – hence where ' s the PlayStation 6?,new console table used to come forbidden every five year – hence where ' s the playstation 6?,new console table used to come forbidden every five year  hence where  s the playstation,new console table used come forbidden every five year hence playstation,new console table used come forbidden every five year hence playstation
BBC,UK toy sales up as 'kidults' buy Lego and Pokémon,uk toy sales up as 'kidults' buy lego and pokémon,uk toy sales up as kidults buy lego and pokmon,uk toy sales kidults buy lego pokmon,uk toy sale kidults buy lego pokmon
BBC,UK miniature sales up as ' kidults ' buy Lego set and Pokémon,uk miniature sales up as ' kidults ' buy lego set and pokémon,uk miniature sales up as  kidults  buy lego set and pokmon,uk miniature sales kidults buy lego set pokmon,uk miniature sale kidults buy lego set pokmon
BBC,Battle over Chinese chip-maker rocks global car industry,battle over chinese chip-maker rocks global car industry,battle over chinese chipmaker rocks global car industry,battle chinese chipmaker rocks global car industry,battle chinese chipmaker rock global car industry
BBC,Battle over Chinese chip - maker sway global elevator car industry,battle over chinese chip - maker sway global elevator car industry,battle over chinese chip  maker sway global elevator car industry,battle chinese chip maker sway global elevator car industry,battle chinese chip maker sway global elevator car industry
BBC,Sport,sport,sport,sport,sport
BBC,Mutation,mutation,mutation,mutation,mutation
BBC,'VAR has to rein its neck in' - how I'd change football for the fans,'var has to rein its neck in' - how i'd change football for the fans,var has to rein its neck in  how id change football for the fans,var rein neck id change football fans,var rein neck id change football fan
BBC,' VAR have to rein it neck opening in ' - how Atomic number 53 ' d alteration football for the fans,' var have to rein it neck opening in ' - how atomic number 53 ' d alteration football for the fans,var have to rein it neck opening in   how atomic number   d alteration football for the fans,var rein neck opening atomic number alteration football fans,var rein neck opening atomic number alteration football fan
BBC,Kerr 'relishing every moment' after first Chelsea start in 692 days,kerr 'relishing every moment' after first chelsea start in 692 days,kerr relishing every moment after first chelsea start in  days,kerr relishing every moment first chelsea start days,kerr relishing every moment first chelsea start day
BBC,Kerr ' relishing every import ' after first Chelsea start in 692 clarence day,kerr ' relishing every import ' after first chelsea start in 692 clarence day,kerr  relishing every import  after first chelsea start in  clarence day,kerr relishing every import first chelsea start clarence day,kerr relishing every import first chelsea start clarence day
BBC,Webb backs officials over disallowed Liverpool goal,webb backs officials over disallowed liverpool goal,webb backs officials over disallowed liverpool goal,webb backs officials disallowed liverpool goal,webb back official disallowed liverpool goal
BBC,Webb backs officials ended disallowed Liverpool goal,webb backs officials ended disallowed liverpool goal,webb backs officials ended disallowed liverpool goal,webb backs officials ended disallowed liverpool goal,webb back official ended disallowed liverpool goal
BBC,Wolff to sell stake valuing Mercedes F1 at £4.6bn,wolff to sell stake valuing mercedes f1 at £4.6bn,wolff to sell stake valuing mercedes f at bn,wolff sell stake valuing mercedes f bn,wolff sell stake valuing mercedes f bn
BBC,Kaspar friedrich wolff to sell stake assess Mercedes F1 at £ quatern. 6bn,kaspar friedrich wolff to sell stake assess mercedes f1 at £ quatern. 6bn,kaspar friedrich wolff to sell stake assess mercedes f at  quatern bn,kaspar friedrich wolff sell stake assess mercedes f quatern bn,kaspar friedrich wolff sell stake assess mercedes f quatern bn
BBC,Recommended Audio,recommended audio,recommended audio,recommended audio,recommended audio
BBC,Recommended Sound,recommended sound,recommended sound,recommended sound,recommended sound
BBC,Witness History,witness history,witness history,witness history,witness history
BBC,Attestor History,attestor history,attestor history,attestor history,attestor history
BBC,The Interview,the interview,the interview,interview,interview
BBC,The Consultation,the consultation,the consultation,consultation,consultation
BBC,Business Daily,business daily,business daily,business daily,business daily
BBC,Outlook,outlook,outlook,outlook,outlook
BBC,Mentality,mentality,mentality,mentality,mentality
BBC,The Documentary Podcast,the documentary podcast,the documentary podcast,documentary podcast,documentary podcast
BBC,Clientele Daily,clientele daily,clientele daily,clientele daily,clientele daily
BBC,The Infinite Monkey Cage,the infinite monkey cage,the infinite monkey cage,infinite monkey cage,infinite monkey cage
BBC,The Infinite Rapscallion Cage,the infinite rapscallion cage,the infinite rapscallion cage,infinite rapscallion cage,infinite rapscallion cage
BBC,Tech,tech,tech,tech,tech
BBC,Technical school,technical school,technical school,technical school,technical school
BBC,UK seeking to curb AI child sex abuse imagery with tougher testing,uk seeking to curb ai child sex abuse imagery with tougher testing,uk seeking to curb ai child sex abuse imagery with tougher testing,uk seeking curb ai child sex abuse imagery tougher testing,uk seeking curb ai child sex abuse imagery tougher testing
BBC,UK seeking to curb bradypus tridactylus child sexuality abuse imagery with tougher examination,uk seeking to curb bradypus tridactylus child sexuality abuse imagery with tougher examination,uk seeking to curb bradypus tridactylus child sexuality abuse imagery with tougher examination,uk seeking curb bradypus tridactylus child sexuality abuse imagery tougher examination,uk seeking curb bradypus tridactylus child sexuality abuse imagery tougher examination
BBC,Man dances for 144 hours to break video game marathon record,man dances for 144 hours to break video game marathon record,man dances for  hours to break video game marathon record,man dances hours break video game marathon record,man dance hour break video game marathon record
BBC,Man dance for gross hours to break video game marathon phonograph recording,man dance for gross hours to break video game marathon phonograph recording,man dance for gross hours to break video game marathon phonograph recording,man dance gross hours break video game marathon phonograph recording,man dance gross hour break video game marathon phonograph recording
BBC,Cryptoqueen who fled China for London mansion jailed over £5bn Bitcoin stash,cryptoqueen who fled china for london mansion jailed over £5bn bitcoin stash,cryptoqueen who fled china for london mansion jailed over bn bitcoin stash,cryptoqueen fled china london mansion jailed bn bitcoin stash,cryptoqueen fled china london mansion jailed bn bitcoin stash
BBC,Cryptoqueen who fly China for London planetary house jailed over £ 5bn Bitcoin stash,cryptoqueen who fly china for london planetary house jailed over £ 5bn bitcoin stash,cryptoqueen who fly china for london planetary house jailed over  bn bitcoin stash,cryptoqueen fly china london planetary house jailed bn bitcoin stash,cryptoqueen fly china london planetary house jailed bn bitcoin stash
BBC,TikTok creator 'so sorry' over cancer diagnosis lie,tiktok creator 'so sorry' over cancer diagnosis lie,tiktok creator so sorry over cancer diagnosis lie,tiktok creator sorry cancer diagnosis lie,tiktok creator sorry cancer diagnosis lie
BBC,TikTok divine ' so sorry ' over cancer diagnosis trygve halvden lie,tiktok divine ' so sorry ' over cancer diagnosis trygve halvden lie,tiktok divine  so sorry  over cancer diagnosis trygve halvden lie,tiktok divine sorry cancer diagnosis trygve halvden lie,tiktok divine sorry cancer diagnosis trygve halvden lie
BBC,Science & health,science & health,science  health,science health,science health
BBC,Scientific discipline & health,scientific discipline & health,scientific discipline  health,scientific discipline health,scientific discipline health
BBC,"'My son, 4, has childhood dementia - I'm heartbroken'","'my son, 4, has childhood dementia - i'm heartbroken'",my son  has childhood dementia  im heartbroken,son childhood dementia im heartbroken,son childhood dementia im heartbroken
BBC,"' My logos, 4, have childhood dementia - I ' m heartbroken '","' my logos, 4, have childhood dementia - i ' m heartbroken '",my logos  have childhood dementia  i  m heartbroken,logos childhood dementia heartbroken,logo childhood dementia heartbroken
BBC,Three easy ways to help you beat the winter blues,three easy ways to help you beat the winter blues,three easy ways to help you beat the winter blues,three easy ways help beat winter blues,three easy way help beat winter blue
BBC,Three easy way to aid you beat the winter blues,three easy way to aid you beat the winter blues,three easy way to aid you beat the winter blues,three easy way aid beat winter blues,three easy way aid beat winter blue
BBC,William recalls Kate cancer talk with children,william recalls kate cancer talk with children,william recalls kate cancer talk with children,william recalls kate cancer talk children,william recall kate cancer talk child
BBC,William recalls Kate crab talk with kid,william recalls kate crab talk with kid,william recalls kate crab talk with kid,william recalls kate crab talk kid,william recall kate crab talk kid
BBC,"Canada loses its measles-free status, with US on track to follow","canada loses its measles-free status, with us on track to follow",canada loses its measlesfree status with us on track to follow,canada loses measlesfree status us track follow,canada loses measlesfree status u track follow
BBC,"Canada recede its morbilli - free position, with US on cartroad to follow","canada recede its morbilli - free position, with us on cartroad to follow",canada recede its morbilli  free position with us on cartroad to follow,canada recede morbilli free position us cartroad follow,canada recede morbilli free position u cartroad follow
BBC,Refinement,refinement,refinement,refinement,refinement
BBC,The truth about Tudor England's 'most hated woman',the truth about tudor england's 'most hated woman',the truth about tudor englands most hated woman,truth tudor englands hated woman,truth tudor england hated woman
BBC,The truth about House of tudor England ' s ' nearly scorned woman ',the truth about house of tudor england ' s ' nearly scorned woman ',the truth about house of tudor england  s  nearly scorned woman,truth house tudor england nearly scorned woman,truth house tudor england nearly scorned woman
BBC,"Jilly Cooper died from head injury, says coroner","jilly cooper died from head injury, says coroner",jilly cooper died from head injury says coroner,jilly cooper died head injury says coroner,jilly cooper died head injury say coroner
BBC,"Jilly Cooper died from caput injury, says medical examiner","jilly cooper died from caput injury, says medical examiner",jilly cooper died from caput injury says medical examiner,jilly cooper died caput injury says medical examiner,jilly cooper died caput injury say medical examiner
BBC,"'We've got to fight for our journalism,' BBC director general tells staff","'we've got to fight for our journalism,' bbc director general tells staff",weve got to fight for our journalism bbc director general tells staff,weve got fight journalism bbc director general tells staff,weve got fight journalism bbc director general tell staff
BBC,"' We ' ve got to fight for our news media, ' BBC director general tells stave","' we ' ve got to fight for our news media, ' bbc director general tells stave",we  ve got to fight for our news media  bbc director general tells stave,got fight news media bbc director general tells stave,got fight news medium bbc director general tell stave
BBC,Ariana Grande: Going brunette is not about saying goodbye to Glinda,ariana grande: going brunette is not about saying goodbye to glinda,ariana grande going brunette is not about saying goodbye to glinda,ariana grande going brunette saying goodbye glinda,ariana grande going brunette saying goodbye glinda
BBC,Ariana Grande: Lead brunette follow not about saying auf wiedersehen to Glinda,ariana grande: lead brunette follow not about saying auf wiedersehen to glinda,ariana grande lead brunette follow not about saying auf wiedersehen to glinda,ariana grande lead brunette follow saying auf wiedersehen glinda,ariana grande lead brunette follow saying auf wiedersehen glinda
BBC,Arts,arts,arts,arts,art
BBC,Artwork,artwork,artwork,artwork,artwork
BBC,Why history's 'most controversial' queen was so hated,why history's 'most controversial' queen was so hated,why historys most controversial queen was so hated,historys controversial queen hated,history controversial queen hated
BBC,Why history ' s ' most controversial ' pouf was so detested,why history ' s ' most controversial ' pouf was so detested,why history  s  most controversial  pouf was so detested,history controversial pouf detested,history controversial pouf detested
BBC,"The chair that took 10,000 hours to create","the chair that took 10,000 hours to create",the chair that took  hours to create,chair took hours create,chair took hour create
BBC,"The chair that took tenner, 000 hour to make","the chair that took tenner, 000 hour to make",the chair that took tenner  hour to make,chair took tenner hour make,chair took tenner hour make
BBC,Why a poem outraged 1980s Britain,why a poem outraged 1980s britain,why a poem outraged s britain,poem outraged britain,poem outraged britain
BBC,Why a poem scandalise 1980s U.k.,why a poem scandalise 1980s u.k.,why a poem scandalise s uk,poem scandalise uk,poem scandalise uk
BBC,The clues hidden in a true-crime masterpiece,the clues hidden in a true-crime masterpiece,the clues hidden in a truecrime masterpiece,clues hidden truecrime masterpiece,clue hidden truecrime masterpiece
BBC,The clew hidden in a true - crime chef d'oeuvre,the clew hidden in a true - crime chef d'oeuvre,the clew hidden in a true  crime chef doeuvre,clew hidden true crime chef doeuvre,clew hidden true crime chef doeuvre
BBC,Watch,watch,watch,watch,watch
BBC,Ticker,ticker,ticker,ticker,ticker
BBC,Lion saves pregnant hyena from dotty canis familiaris attack,lion saves pregnant hyena from dotty canis familiaris attack,lion saves pregnant hyena from dotty canis familiaris attack,lion saves pregnant hyena dotty canis familiaris attack,lion save pregnant hyena dotty canis familiaris attack
BBC,Travel,travel,travel,travel,travel
BBC,Locomotion,locomotion,locomotion,locomotion,locomotion
BBC,Where to find Boston's best clam chowder,where to find boston's best clam chowder,where to find bostons best clam chowder,find bostons best clam chowder,find boston best clam chowder
BBC,Where to find Boston ' s best buck chowder,where to find boston ' s best buck chowder,where to find boston  s best buck chowder,find boston best buck chowder,find boston best buck chowder
BBC,Why you should book your 2026 eclipse trip today,why you should book your 2026 eclipse trip today,why you should book your  eclipse trip today,book eclipse trip today,book eclipse trip today
BBC,Wherefore you should book your 2026 eclipse misstep today,wherefore you should book your 2026 eclipse misstep today,wherefore you should book your  eclipse misstep today,wherefore book eclipse misstep today,wherefore book eclipse misstep today
BBC,How soon is too soon to visit after a disaster?,how soon is too soon to visit after a disaster?,how soon is too soon to visit after a disaster,soon soon visit disaster,soon soon visit disaster
BBC,How soon be too soon to visit after a catastrophe?,how soon be too soon to visit after a catastrophe?,how soon be too soon to visit after a catastrophe,soon soon visit catastrophe,soon soon visit catastrophe
BBC,Five of the best rooftop bars in Chicago,five of the best rooftop bars in chicago,five of the best rooftop bars in chicago,five best rooftop bars chicago,five best rooftop bar chicago
BBC,Five of the right rooftop bars in Chicago,five of the right rooftop bars in chicago,five of the right rooftop bars in chicago,five right rooftop bars chicago,five right rooftop bar chicago
BBC,World's Table,world's table,worlds table,worlds table,world table
BBC,Cosmos ' s Table,cosmos ' s table,cosmos  s table,cosmos table,cosmos table
BBC,What Mamdani's win means for NYC's food scene,what mamdani's win means for nyc's food scene,what mamdanis win means for nycs food scene,mamdanis win means nycs food scene,mamdanis win mean nycs food scene
BBC,What Mamdani ' s profits means for NYC ' s intellectual nourishment scene,what mamdani ' s profits means for nyc ' s intellectual nourishment scene,what mamdani  s profits means for nyc  s intellectual nourishment scene,mamdani profits means nyc intellectual nourishment scene,mamdani profit mean nyc intellectual nourishment scene
BBC,Why Marseille restaurants are offering gourmet food for €1,why marseille restaurants are offering gourmet food for €1,why marseille restaurants are offering gourmet food for,marseille restaurants offering gourmet food,marseille restaurant offering gourmet food
BBC,Why Marseille eating place are offering foodie food for thought for € 1,why marseille eating place are offering foodie food for thought for € 1,why marseille eating place are offering foodie food for thought for,marseille eating place offering foodie food thought,marseille eating place offering foodie food thought
BBC,100 dishes in 40 days: India's epic wedding feast,100 dishes in 40 days: india's epic wedding feast,dishes in  days indias epic wedding feast,dishes days indias epic wedding feast,dish day india epic wedding feast
BBC,100 dish in 40 daytime: India ' south epic wedding feast,100 dish in 40 daytime: india ' south epic wedding feast,dish in  daytime india  south epic wedding feast,dish daytime india south epic wedding feast,dish daytime india south epic wedding feast
BBC,The controversial snack that fuels Norwegian trips,the controversial snack that fuels norwegian trips,the controversial snack that fuels norwegian trips,controversial snack fuels norwegian trips,controversial snack fuel norwegian trip
BBC,The controversial snack that fuels Norse trips,the controversial snack that fuels norse trips,the controversial snack that fuels norse trips,controversial snack fuels norse trips,controversial snack fuel norse trip
BBC,Earth,earth,earth,earth,earth
BBC,Earthly concern,earthly concern,earthly concern,earthly concern,earthly concern
BBC,New 'Lucifer' bee with devil-like horns found in Australia,new 'lucifer' bee with devil-like horns found in australia,new lucifer bee with devillike horns found in australia,new lucifer bee devillike horns found australia,new lucifer bee devillike horn found australia
BBC,New ' The tempter ' bee with devil - like horns found in Commonwealth of australia,new ' the tempter ' bee with devil - like horns found in commonwealth of australia,new  the tempter  bee with devil  like horns found in commonwealth of australia,new tempter bee devil like horns found commonwealth australia,new tempter bee devil like horn found commonwealth australia
BBC,'This animal spared my life': Biologist bitten in head by shark hopes to meet it again,'this animal spared my life': biologist bitten in head by shark hopes to meet it again,this animal spared my life biologist bitten in head by shark hopes to meet it again,animal spared life biologist bitten head shark hopes meet,animal spared life biologist bitten head shark hope meet
BBC,' This animal spar my life ': Life scientist bitten in head by shark hope to encounter it again,' this animal spar my life ': life scientist bitten in head by shark hope to encounter it again,this animal spar my life  life scientist bitten in head by shark hope to encounter it again,animal spar life life scientist bitten head shark hope encounter,animal spar life life scientist bitten head shark hope encounter
BBC,"Once a sure thing, Australia's bid to host COP31 falters amid deadlock with Turkey","once a sure thing, australia's bid to host cop31 falters amid deadlock with turkey",once a sure thing australias bid to host cop falters amid deadlock with turkey,sure thing australias bid host cop falters amid deadlock turkey,sure thing australia bid host cop falter amid deadlock turkey
BBC,"Once a trusted thing, Australia ' randomness bid to host COP31 falters amid deadlock with Turkey","once a trusted thing, australia ' randomness bid to host cop31 falters amid deadlock with turkey",once a trusted thing australia  randomness bid to host cop falters amid deadlock with turkey,trusted thing australia randomness bid host cop falters amid deadlock turkey,trusted thing australia randomness bid host cop falter amid deadlock turkey
BBC,Saving the Amazon's mystical pink river dolphins,saving the amazon's mystical pink river dolphins,saving the amazons mystical pink river dolphins,saving amazons mystical pink river dolphins,saving amazon mystical pink river dolphin
BBC,Saving the Amazon river ' s occult pinko river dolphins,saving the amazon river ' s occult pinko river dolphins,saving the amazon river  s occult pinko river dolphins,saving amazon river occult pinko river dolphins,saving amazon river occult pinko river dolphin
BBC,Video,video,video,video,video
BBC,Telecasting,telecasting,telecasting,telecasting,telecasting
BBC,A rare glimpse into the world's most trafficked mammal,a rare glimpse into the world's most trafficked mammal,a rare glimpse into the worlds most trafficked mammal,rare glimpse worlds trafficked mammal,rare glimpse world trafficked mammal
BBC,A rare glance into the world ' s most trafficked mammalian,a rare glance into the world ' s most trafficked mammalian,a rare glance into the world  s most trafficked mammalian,rare glance world trafficked mammalian,rare glance world trafficked mammalian
BBC,Why your brain can't help copying the way others speak,why your brain can't help copying the way others speak,why your brain cant help copying the way others speak,brain cant help copying way others speak,brain cant help copying way others speak
BBC,Why your brain can ' t assistance simulate the way others speak,why your brain can ' t assistance simulate the way others speak,why your brain can  t assistance simulate the way others speak,brain assistance simulate way others speak,brain assistance simulate way others speak
BBC,What lies behind Kazakhstan's mysterious stone spheres?,what lies behind kazakhstan's mysterious stone spheres?,what lies behind kazakhstans mysterious stone spheres,lies behind kazakhstans mysterious stone spheres,lie behind kazakhstan mysterious stone sphere
BBC,What lies behind Kazakh ' s mysterious pit spheres?,what lies behind kazakh ' s mysterious pit spheres?,what lies behind kazakh  s mysterious pit spheres,lies behind kazakh mysterious pit spheres,lie behind kazakh mysterious pit sphere
BBC,Döstädning: The gentle art of Swedish death cleaning,döstädning: the gentle art of swedish death cleaning,dstdning the gentle art of swedish death cleaning,dstdning gentle art swedish death cleaning,dstdning gentle art swedish death cleaning
BBC,Döstädning: The gentle nontextual matter of Swedish expiry cleaning,döstädning: the gentle nontextual matter of swedish expiry cleaning,dstdning the gentle nontextual matter of swedish expiry cleaning,dstdning gentle nontextual matter swedish expiry cleaning,dstdning gentle nontextual matter swedish expiry cleaning
BBC,Discover more from the BBC,discover more from the bbc,discover more from the bbc,discover bbc,discover bbc
BBC,US Politics Unspun,us politics unspun,us politics unspun,us politics unspun,u politics unspun
BBC,Download the BBC app,download the bbc app,download the bbc app,download bbc app,download bbc app
BBC,Sign up to World of Business,sign up to world of business,sign up to world of business,sign world business,sign world business
BBC,Sign upwards to World of Business,sign upwards to world of business,sign upwards to world of business,sign upwards world business,sign upwards world business
BBC,Register for a BBC account,register for a bbc account,register for a bbc account,register bbc account,register bbc account
BBC,Sign up for the Essential List,sign up for the essential list,sign up for the essential list,sign essential list,sign essential list
BBC,Signboard up for the Essential List,signboard up for the essential list,signboard up for the essential list,signboard essential list,signboard essential list
CNN,COP30 in Brazil,cop30 in brazil,cop in brazil,cop brazil,cop brazil
CNN,Islamabad suicide attack,islamabad suicide attack,islamabad suicide attack,islamabad suicide attack,islamabad suicide attack
CNN,Islamabad felo de se attack,islamabad felo de se attack,islamabad felo de se attack,islamabad felo de se attack,islamabad felo de se attack
CNN,What is ‘Project Athena’?,what is ‘project athena’?,what is project athena,project athena,project athena
CNN,What is ‘ Task Athena ’?,what is ‘ task athena ’?,what is  task athena,task athena,task athena
CNN,Futuristic planes,futuristic planes,futuristic planes,futuristic planes,futuristic plane
CNN,Futuristic airplane,futuristic airplane,futuristic airplane,futuristic airplane,futuristic airplane
CNN,Sinner-Alcaraz rivalry,sinner-alcaraz rivalry,sinneralcaraz rivalry,sinneralcaraz rivalry,sinneralcaraz rivalry
CNN,Sinner - Alcaraz rivalry,sinner - alcaraz rivalry,sinner  alcaraz rivalry,sinner alcaraz rivalry,sinner alcaraz rivalry
CNN,How to ‘snore-proof’ sexual relationships,how to ‘snore-proof’ sexual relationships,how to snoreproof sexual relationships,snoreproof sexual relationships,snoreproof sexual relationship
CNN,How to ‘ snore - proof ’ sexual relationship,how to ‘ snore - proof ’ sexual relationship,how to  snore  proof  sexual relationship,snore proof sexual relationship,snore proof sexual relationship
CNN,‘Toy Story 5’,‘toy story 5’,toy story,toy story,toy story
CNN,‘ Toy Write up 5 ’,‘ toy write up 5 ’,toy write up,toy write,toy write
CNN,"As US House of Representatives reopens for key vote, things may worsen for Speaker Johnson","as us house of representatives reopens for key vote, things may worsen for speaker johnson",as us house of representatives reopens for key vote things may worsen for speaker johnson,us house representatives reopens key vote things may worsen speaker johnson,u house representative reopens key vote thing may worsen speaker johnson
CNN,"As US House of Spokesperson reopens for key vote, things may worsen for Speaker system Lyndon johnson","as us house of spokesperson reopens for key vote, things may worsen for speaker system lyndon johnson",as us house of spokesperson reopens for key vote things may worsen for speaker system lyndon johnson,us house spokesperson reopens key vote things may worsen speaker system lyndon johnson,u house spokesperson reopens key vote thing may worsen speaker system lyndon johnson
CNN,What’s in the bill to reopen the federal government?,what’s in the bill to reopen the federal government?,whats in the bill to reopen the federal government,whats bill reopen federal government,whats bill reopen federal government
CNN,What ’ mho in the federal reserve note to reopen the union government?,what ’ mho in the federal reserve note to reopen the union government?,what  mho in the federal reserve note to reopen the union government,mho federal reserve note reopen union government,mho federal reserve note reopen union government
CNN,Bridge partially collapses in China,bridge partially collapses in china,bridge partially collapses in china,bridge partially collapses china,bridge partially collapse china
CNN,Bridge partially collapses in Republic of china,bridge partially collapses in republic of china,bridge partially collapses in republic of china,bridge partially collapses republic china,bridge partially collapse republic china
CNN,He was dictator who led sweeping massacres. Why is he now a ‘national hero’?,he was dictator who led sweeping massacres. why is he now a ‘national hero’?,he was dictator who led sweeping massacres why is he now a national hero,dictator led sweeping massacres national hero,dictator led sweeping massacre national hero
CNN,He cost dictator world health organization lead sweeping massacres. Why constitute he now a ‘ national hero ’?,he cost dictator world health organization lead sweeping massacres. why constitute he now a ‘ national hero ’?,he cost dictator world health organization lead sweeping massacres why constitute he now a  national hero,cost dictator world health organization lead sweeping massacres constitute national hero,cost dictator world health organization lead sweeping massacre constitute national hero
CNN,"Decision comes amid concerns about the legality of US military strikes on alleged drug boats, sources tell CNN","decision comes amid concerns about the legality of us military strikes on alleged drug boats, sources tell cnn",decision comes amid concerns about the legality of us military strikes on alleged drug boats sources tell cnn,decision comes amid concerns legality us military strikes alleged drug boats sources tell cnn,decision come amid concern legality u military strike alleged drug boat source tell cnn
CNN,"Decision comes amid concerns about the legality of US military ten strike on alleged drug boats, source tell CNN","decision comes amid concerns about the legality of us military ten strike on alleged drug boats, source tell cnn",decision comes amid concerns about the legality of us military ten strike on alleged drug boats source tell cnn,decision comes amid concerns legality us military ten strike alleged drug boats source tell cnn,decision come amid concern legality u military ten strike alleged drug boat source tell cnn
CNN,A timeline of US strikes on boats that have killed 76,a timeline of us strikes on boats that have killed 76,a timeline of us strikes on boats that have killed,timeline us strikes boats killed,timeline u strike boat killed
CNN,A timeline of atomic number 92 strikes on boats that give killed 76,a timeline of atomic number 92 strikes on boats that give killed 76,a timeline of atomic number  strikes on boats that give killed,timeline atomic number strikes boats give killed,timeline atomic number strike boat give killed
CNN,Venezuela announces ‘massive mobilization’ of military forces as US’ largest warship sails into region,venezuela announces ‘massive mobilization’ of military forces as us’ largest warship sails into region,venezuela announces massive mobilization of military forces as us largest warship sails into region,venezuela announces massive mobilization military forces us largest warship sails region,venezuela announces massive mobilization military force u largest warship sail region
CNN,Venezuela announces ‘ massive militarisation ’ of military forces as uranium ’ big war vessel sails into region,venezuela announces ‘ massive militarisation ’ of military forces as uranium ’ big war vessel sails into region,venezuela announces  massive militarisation  of military forces as uranium  big war vessel sails into region,venezuela announces massive militarisation military forces uranium big war vessel sails region,venezuela announces massive militarisation military force uranium big war vessel sail region
CNN,Here’s what the US military is using to strike alleged drug boats,here’s what the us military is using to strike alleged drug boats,heres what the us military is using to strike alleged drug boats,heres us military using strike alleged drug boats,here u military using strike alleged drug boat
CNN,Here ’ s what the US military is apply to strike alleged drug boats,here ’ s what the us military is apply to strike alleged drug boats,here  s what the us military is apply to strike alleged drug boats,us military apply strike alleged drug boats,u military apply strike alleged drug boat
CNN,Catch up on today’s global news,catch up on today’s global news,catch up on todays global news,catch todays global news,catch today global news
CNN,Catch up on today ’ s spherical news,catch up on today ’ s spherical news,catch up on today  s spherical news,catch today spherical news,catch today spherical news
CNN,Breathtaking northern lights splash across the night skies as far south as Florida,breathtaking northern lights splash across the night skies as far south as florida,breathtaking northern lights splash across the night skies as far south as florida,breathtaking northern lights splash across night skies far south florida,breathtaking northern light splash across night sky far south florida
CNN,Breathtaking northern lighting plash across the night sky as far south as Florida,breathtaking northern lighting plash across the night sky as far south as florida,breathtaking northern lighting plash across the night sky as far south as florida,breathtaking northern lighting plash across night sky far south florida,breathtaking northern lighting plash across night sky far south florida
CNN,‘Horizon’ plane’s futuristic shape could revolutionize flying,‘horizon’ plane’s futuristic shape could revolutionize flying,horizon planes futuristic shape could revolutionize flying,horizon planes futuristic shape could revolutionize flying,horizon plane futuristic shape could revolutionize flying
CNN,‘ Horizon ’ plane ’ s futuristic shape could revolutionize fly,‘ horizon ’ plane ’ s futuristic shape could revolutionize fly,horizon  plane  s futuristic shape could revolutionize fly,horizon plane futuristic shape could revolutionize fly,horizon plane futuristic shape could revolutionize fly
CNN,"How it feels to spend $10M on a bag, according to the man who did it","how it feels to spend $10m on a bag, according to the man who did it",how it feels to spend m on a bag according to the man who did it,feels spend bag according man,feel spend bag according man
CNN,"How information technology find to spend $ 10M on a bag, allot to the man who did it","how information technology find to spend $ 10m on a bag, allot to the man who did it",how information technology find to spend  m on a bag allot to the man who did it,information technology find spend bag allot man,information technology find spend bag allot man
CNN,Screens are the enemy in new ‘Toy Story 5’ teaser trailer,screens are the enemy in new ‘toy story 5’ teaser trailer,screens are the enemy in new toy story  teaser trailer,screens enemy new toy story teaser trailer,screen enemy new toy story teaser trailer
CNN,Screens be the enemy in fresh ‘ Toy Story 5 ’ teaser trailer,screens be the enemy in fresh ‘ toy story 5 ’ teaser trailer,screens be the enemy in fresh  toy story   teaser trailer,screens enemy fresh toy story teaser trailer,screen enemy fresh toy story teaser trailer
CNN,Dozens of Israeli settlers launch arson attack in West Bank as attacks against Palestinians surge,dozens of israeli settlers launch arson attack in west bank as attacks against palestinians surge,dozens of israeli settlers launch arson attack in west bank as attacks against palestinians surge,dozens israeli settlers launch arson attack west bank attacks palestinians surge,dozen israeli settler launch arson attack west bank attack palestinian surge
CNN,Twelve of Israeli settlers launch arson flack in West Bank building as attacks against Palestinian surge,twelve of israeli settlers launch arson flack in west bank building as attacks against palestinian surge,twelve of israeli settlers launch arson flack in west bank building as attacks against palestinian surge,twelve israeli settlers launch arson flack west bank building attacks palestinian surge,twelve israeli settler launch arson flack west bank building attack palestinian surge
CNN,Two of China’s most popular gay dating apps have disappeared from app stores,two of china’s most popular gay dating apps have disappeared from app stores,two of chinas most popular gay dating apps have disappeared from app stores,two chinas popular gay dating apps disappeared app stores,two china popular gay dating apps disappeared app store
CNN,Two of China ’ s most popular homophile go out apps have go away from app stores,two of china ’ s most popular homophile go out apps have go away from app stores,two of china  s most popular homophile go out apps have go away from app stores,two china popular homophile go apps go away app stores,two china popular homophile go apps go away app store
CNN,Search continues for Rohingya refugees after boat capsizes,search continues for rohingya refugees after boat capsizes,search continues for rohingya refugees after boat capsizes,search continues rohingya refugees boat capsizes,search continues rohingya refugee boat capsizes
CNN,Search continue for Rohingya refugees after boat capsizes,search continue for rohingya refugees after boat capsizes,search continue for rohingya refugees after boat capsizes,search continue rohingya refugees boat capsizes,search continue rohingya refugee boat capsizes
CNN,At least 12 killed in Islamabad suicide attack – the most deadly assault in the Pakistani capital since 2008,at least 12 killed in islamabad suicide attack – the most deadly assault in the pakistani capital since 2008,at least  killed in islamabad suicide attack  the most deadly assault in the pakistani capital since,least killed islamabad suicide attack deadly assault pakistani capital since,least killed islamabad suicide attack deadly assault pakistani capital since
CNN,At least 12 defeat in Islamabad suicide onslaught – the most deadly assault in the Pakistani das kapital since 2008,at least 12 defeat in islamabad suicide onslaught – the most deadly assault in the pakistani das kapital since 2008,at least  defeat in islamabad suicide onslaught  the most deadly assault in the pakistani das kapital since,least defeat islamabad suicide onslaught deadly assault pakistani das kapital since,least defeat islamabad suicide onslaught deadly assault pakistani da kapital since
CNN,Footage shows Russian troops approaching key Ukrainian city,footage shows russian troops approaching key ukrainian city,footage shows russian troops approaching key ukrainian city,footage shows russian troops approaching key ukrainian city,footage show russian troop approaching key ukrainian city
CNN,Footage present Russian troops approaching key Ukrainian metropolis,footage present russian troops approaching key ukrainian metropolis,footage present russian troops approaching key ukrainian metropolis,footage present russian troops approaching key ukrainian metropolis,footage present russian troop approaching key ukrainian metropolis
CNN,"Venezuelans deported from US to Salvadoran prison subjected to torture, rights groups claim in new report","venezuelans deported from us to salvadoran prison subjected to torture, rights groups claim in new report",venezuelans deported from us to salvadoran prison subjected to torture rights groups claim in new report,venezuelans deported us salvadoran prison subjected torture rights groups claim new report,venezuelan deported u salvadoran prison subjected torture right group claim new report
CNN,"Venezuelans comport from US to Salvadoran prison subjected to torture, rights chemical group lay claim in new report card","venezuelans comport from us to salvadoran prison subjected to torture, rights chemical group lay claim in new report card",venezuelans comport from us to salvadoran prison subjected to torture rights chemical group lay claim in new report card,venezuelans comport us salvadoran prison subjected torture rights chemical group lay claim new report card,venezuelan comport u salvadoran prison subjected torture right chemical group lay claim new report card
CNN,This portrait could become one of most expensive paintings ever publicly sold,this portrait could become one of most expensive paintings ever publicly sold,this portrait could become one of most expensive paintings ever publicly sold,portrait could become one expensive paintings ever publicly sold,portrait could become one expensive painting ever publicly sold
CNN,This portrait could go nonpareil of near expensive paintings ever publicly sold,this portrait could go nonpareil of near expensive paintings ever publicly sold,this portrait could go nonpareil of near expensive paintings ever publicly sold,portrait could go nonpareil near expensive paintings ever publicly sold,portrait could go nonpareil near expensive painting ever publicly sold
CNN,Unseen photos reveal another side to 1970s Lagos,unseen photos reveal another side to 1970s lagos,unseen photos reveal another side to s lagos,unseen photos reveal another side lagos,unseen photo reveal another side lagos
CNN,Unobserved pic reveal another side to 1970s Lagos,unobserved pic reveal another side to 1970s lagos,unobserved pic reveal another side to s lagos,unobserved pic reveal another side lagos,unobserved pic reveal another side lagos
CNN,A block of white and green jadeite has its own exhibition hall in Taiwan. Here’s why it’s so endearing,a block of white and green jadeite has its own exhibition hall in taiwan. here’s why it’s so endearing,a block of white and green jadeite has its own exhibition hall in taiwan heres why its so endearing,block white green jadeite exhibition hall taiwan heres endearing,block white green jadeite exhibition hall taiwan here endearing
CNN,A engine block of white and green jadeite has information technology own exposition hall in Taiwan. Hither ’ s why it ’ s thusly endearing,a engine block of white and green jadeite has information technology own exposition hall in taiwan. hither ’ s why it ’ s thusly endearing,a engine block of white and green jadeite has information technology own exposition hall in taiwan hither  s why it  s thusly endearing,engine block white green jadeite information technology exposition hall taiwan hither thusly endearing,engine block white green jadeite information technology exposition hall taiwan hither thusly endearing
CNN,"Protesters force their way into COP30 summit venue, clash with security","protesters force their way into cop30 summit venue, clash with security",protesters force their way into cop summit venue clash with security,protesters force way cop summit venue clash security,protester force way cop summit venue clash security
CNN,"Protesters squeeze their way into COP30 summit venue, clash with security","protesters squeeze their way into cop30 summit venue, clash with security",protesters squeeze their way into cop summit venue clash with security,protesters squeeze way cop summit venue clash security,protester squeeze way cop summit venue clash security
CNN,What is COP30 and why does it matter?,what is cop30 and why does it matter?,what is cop and why does it matter,cop matter,cop matter
CNN,What is COP30 and why make information technology matter?,what is cop30 and why make information technology matter?,what is cop and why make information technology matter,cop make information technology matter,cop make information technology matter
CNN,How couples can ‘snore-proof’ their sexual relationship,how couples can ‘snore-proof’ their sexual relationship,how couples can snoreproof their sexual relationship,couples snoreproof sexual relationship,couple snoreproof sexual relationship
CNN,How couples can ‘ snore - proof ’ their sexual relationship,how couples can ‘ snore - proof ’ their sexual relationship,how couples can  snore  proof  their sexual relationship,couples snore proof sexual relationship,couple snore proof sexual relationship
CNN,Pressure grows for release of penguins ‘trapped’ at London aquarium,pressure grows for release of penguins ‘trapped’ at london aquarium,pressure grows for release of penguins trapped at london aquarium,pressure grows release penguins trapped london aquarium,pressure grows release penguin trapped london aquarium
CNN,Pressure grows for acquittance of penguins ‘ ensnare ’ at London fish tank,pressure grows for acquittance of penguins ‘ ensnare ’ at london fish tank,pressure grows for acquittance of penguins  ensnare  at london fish tank,pressure grows acquittance penguins ensnare london fish tank,pressure grows acquittance penguin ensnare london fish tank
CNN,"Forget Christmas. In Sicily, they’re already thinking of Easter","forget christmas. in sicily, they’re already thinking of easter",forget christmas in sicily theyre already thinking of easter,forget christmas sicily theyre already thinking easter,forget christmas sicily theyre already thinking easter
CNN,"Forget Christmas. In Sicily, they ’ re already thinking of Easter","forget christmas. in sicily, they ’ re already thinking of easter",forget christmas in sicily they  re already thinking of easter,forget christmas sicily already thinking easter,forget christmas sicily already thinking easter
CNN,Trump’s flailing on the economy is worse than Biden’s,trump’s flailing on the economy is worse than biden’s,trumps flailing on the economy is worse than bidens,trumps flailing economy worse bidens,trump flailing economy worse bidens
CNN,Trump ’ s thresh on the economy is worse than Biden ’ s,trump ’ s thresh on the economy is worse than biden ’ s,trump  s thresh on the economy is worse than biden  s,trump thresh economy worse biden,trump thresh economy worse biden
CNN,Trump just floated a 50-year mortgage. Is that a good idea?,trump just floated a 50-year mortgage. is that a good idea?,trump just floated a year mortgage is that a good idea,trump floated year mortgage good idea,trump floated year mortgage good idea
CNN,Trump just float a 50 - year mortgage. Be that a good estimation?,trump just float a 50 - year mortgage. be that a good estimation?,trump just float a   year mortgage be that a good estimation,trump float year mortgage good estimation,trump float year mortgage good estimation
CNN,Travelers and staff left stranded after hotel chain’s sudden closure,travelers and staff left stranded after hotel chain’s sudden closure,travelers and staff left stranded after hotel chains sudden closure,travelers staff left stranded hotel chains sudden closure,traveler staff left stranded hotel chain sudden closure
CNN,Travelers and staff leave stranded after hotel chain ’ s sudden closure,travelers and staff leave stranded after hotel chain ’ s sudden closure,travelers and staff leave stranded after hotel chain  s sudden closure,travelers staff leave stranded hotel chain sudden closure,traveler staff leave stranded hotel chain sudden closure
CNN,Why is Trump threatening to sue the BBC for $1 billion?,why is trump threatening to sue the bbc for $1 billion?,why is trump threatening to sue the bbc for  billion,trump threatening sue bbc billion,trump threatening sue bbc billion
CNN,Why is Trump threatening to sue the BBC for $ one billion?,why is trump threatening to sue the bbc for $ one billion?,why is trump threatening to sue the bbc for  one billion,trump threatening sue bbc one billion,trump threatening sue bbc one billion
CNN,"Jack Schlossberg, John F. Kennedy’s grandson, running for US House seat","jack schlossberg, john f. kennedy’s grandson, running for us house seat",jack schlossberg john f kennedys grandson running for us house seat,jack schlossberg john f kennedys grandson running us house seat,jack schlossberg john f kennedy grandson running u house seat
CNN,"Jack Schlossberg, John the divine Degree fahrenheit. Kennedy ’ s grandson, running for u.s.a. House seat","jack schlossberg, john the divine degree fahrenheit. kennedy ’ s grandson, running for u.s.a. house seat",jack schlossberg john the divine degree fahrenheit kennedy  s grandson running for usa house seat,jack schlossberg john divine degree fahrenheit kennedy grandson running usa house seat,jack schlossberg john divine degree fahrenheit kennedy grandson running usa house seat
CNN,US Supreme Court keeps full SNAP payments on hold with short term order,us supreme court keeps full snap payments on hold with short term order,us supreme court keeps full snap payments on hold with short term order,us supreme court keeps full snap payments hold short term order,u supreme court keep full snap payment hold short term order
CNN,US Supreme Court keeps full SNAP defrayal on hold with shortsighted term order,us supreme court keeps full snap defrayal on hold with shortsighted term order,us supreme court keeps full snap defrayal on hold with shortsighted term order,us supreme court keeps full snap defrayal hold shortsighted term order,u supreme court keep full snap defrayal hold shortsighted term order
CNN,A plan written by Trump’s NASA pick was leaked. Here’s what to know about ‘Project Athena’,a plan written by trump’s nasa pick was leaked. here’s what to know about ‘project athena’,a plan written by trumps nasa pick was leaked heres what to know about project athena,plan written trumps nasa pick leaked heres know project athena,plan written trump nasa pick leaked here know project athena
CNN,A plan written by Trump card ’ s NASA plectrum was leaked. Here ’ s what to know astir ‘ Project Pallas athene ’,a plan written by trump card ’ s nasa plectrum was leaked. here ’ s what to know astir ‘ project pallas athene ’,a plan written by trump card  s nasa plectrum was leaked here  s what to know astir  project pallas athene,plan written trump card nasa plectrum leaked know astir project pallas athene,plan written trump card nasa plectrum leaked know astir project pallas athene
CNN,Wind turbines kill millions of bats; microphones could protect them,wind turbines kill millions of bats; microphones could protect them,wind turbines kill millions of bats microphones could protect them,wind turbines kill millions bats microphones could protect,wind turbine kill million bat microphone could protect
CNN,Wind turbine drink down millions of bats; mike could protect them,wind turbine drink down millions of bats; mike could protect them,wind turbine drink down millions of bats mike could protect them,wind turbine drink millions bats mike could protect,wind turbine drink million bat mike could protect
CNN,Has the cash-strapped American worker fallen out of love with slop?,has the cash-strapped american worker fallen out of love with slop?,has the cashstrapped american worker fallen out of love with slop,cashstrapped american worker fallen love slop,cashstrapped american worker fallen love slop
CNN,Has the hard cash - strapped American worker fallen out of dear with slop?,has the hard cash - strapped american worker fallen out of dear with slop?,has the hard cash  strapped american worker fallen out of dear with slop,hard cash strapped american worker fallen dear slop,hard cash strapped american worker fallen dear slop
CNN,Tony Shalhoub never knew this ice cream flavor existed. Now it’s his favorite,tony shalhoub never knew this ice cream flavor existed. now it’s his favorite,tony shalhoub never knew this ice cream flavor existed now its his favorite,tony shalhoub never knew ice cream flavor existed favorite,tony shalhoub never knew ice cream flavor existed favorite
CNN,Tony Shalhoub ne'er knew this ice cream flavor existed. Like a shot it ’ s his favorite,tony shalhoub ne'er knew this ice cream flavor existed. like a shot it ’ s his favorite,tony shalhoub neer knew this ice cream flavor existed like a shot it  s his favorite,tony shalhoub neer knew ice cream flavor existed like shot favorite,tony shalhoub neer knew ice cream flavor existed like shot favorite
CNN,"Record-breaking cold settles in across parts of US, but another big change is coming","record-breaking cold settles in across parts of us, but another big change is coming",recordbreaking cold settles in across parts of us but another big change is coming,recordbreaking cold settles across parts us another big change coming,recordbreaking cold settle across part u another big change coming
CNN,"Record - go cold settle in across parts of US, merely another big change is number","record - go cold settle in across parts of us, merely another big change is number",record  go cold settle in across parts of us merely another big change is number,record go cold settle across parts us merely another big change number,record go cold settle across part u merely another big change number
CNN,‘Volnado’ spotted near Hawaii’s Kilauea volcanic eruption,‘volnado’ spotted near hawaii’s kilauea volcanic eruption,volnado spotted near hawaiis kilauea volcanic eruption,volnado spotted near hawaiis kilauea volcanic eruption,volnado spotted near hawaii kilauea volcanic eruption
CNN,‘ Volnado ’ espy near Hawaii ’ s Kilauea volcanic eruption,‘ volnado ’ espy near hawaii ’ s kilauea volcanic eruption,volnado  espy near hawaii  s kilauea volcanic eruption,volnado espy near hawaii kilauea volcanic eruption,volnado espy near hawaii kilauea volcanic eruption
CNN,Chinese ‘cryptoqueen’ who had royal aspirations jailed in UK over $6.6 billion Bitcoin scam,chinese ‘cryptoqueen’ who had royal aspirations jailed in uk over $6.6 billion bitcoin scam,chinese cryptoqueen who had royal aspirations jailed in uk over  billion bitcoin scam,chinese cryptoqueen royal aspirations jailed uk billion bitcoin scam,chinese cryptoqueen royal aspiration jailed uk billion bitcoin scam
CNN,Formosan ‘ cryptoqueen ’ who had royal aspirations remand in UK over $ 6. captain hicks gazillion Bitcoin scam,formosan ‘ cryptoqueen ’ who had royal aspirations remand in uk over $ 6. captain hicks gazillion bitcoin scam,formosan  cryptoqueen  who had royal aspirations remand in uk over   captain hicks gazillion bitcoin scam,formosan cryptoqueen royal aspirations remand uk captain hicks gazillion bitcoin scam,formosan cryptoqueen royal aspiration remand uk captain hick gazillion bitcoin scam
CNN,The latest chapter of the ‘Sincaraz’ rivalry in Turin brings curtain down on year of dominance,the latest chapter of the ‘sincaraz’ rivalry in turin brings curtain down on year of dominance,the latest chapter of the sincaraz rivalry in turin brings curtain down on year of dominance,latest chapter sincaraz rivalry turin brings curtain year dominance,latest chapter sincaraz rivalry turin brings curtain year dominance
CNN,The latest chapter of the ‘ Sincaraz ’ rivalry in Turin brings curtain down on twelvemonth of ascendancy,the latest chapter of the ‘ sincaraz ’ rivalry in turin brings curtain down on twelvemonth of ascendancy,the latest chapter of the  sincaraz  rivalry in turin brings curtain down on twelvemonth of ascendancy,latest chapter sincaraz rivalry turin brings curtain twelvemonth ascendancy,latest chapter sincaraz rivalry turin brings curtain twelvemonth ascendancy
CNN,Paris Jackson reveals she has a perforated septum: ‘Don’t do drugs kids’,paris jackson reveals she has a perforated septum: ‘don’t do drugs kids’,paris jackson reveals she has a perforated septum dont do drugs kids,paris jackson reveals perforated septum dont drugs kids,paris jackson reveals perforated septum dont drug kid
CNN,City of light Jackson reveals she has a perforate septum: ‘ Don river ’ t do drugs kids ’,city of light jackson reveals she has a perforate septum: ‘ don river ’ t do drugs kids ’,city of light jackson reveals she has a perforate septum  don river  t do drugs kids,city light jackson reveals perforate septum river drugs kids,city light jackson reveals perforate septum river drug kid
CNN,Afghan women not allowed into hospitals without burqas,afghan women not allowed into hospitals without burqas,afghan women not allowed into hospitals without burqas,afghan women allowed hospitals without burqas,afghan woman allowed hospital without burqa
CNN,Afghan woman non allowed into hospitals without burqas,afghan woman non allowed into hospitals without burqas,afghan woman non allowed into hospitals without burqas,afghan woman non allowed hospitals without burqas,afghan woman non allowed hospital without burqa
CNN,Is having a boyfriend embarrassing now? CNN speaks to author,is having a boyfriend embarrassing now? cnn speaks to author,is having a boyfriend embarrassing now cnn speaks to author,boyfriend embarrassing cnn speaks author,boyfriend embarrassing cnn speaks author
CNN,Cost having a boyfriend embarrassing at present? CNN speaks to author,cost having a boyfriend embarrassing at present? cnn speaks to author,cost having a boyfriend embarrassing at present cnn speaks to author,cost boyfriend embarrassing present cnn speaks author,cost boyfriend embarrassing present cnn speaks author
CNN,CNN asks Ronaldo if he will play in next World Cup,cnn asks ronaldo if he will play in next world cup,cnn asks ronaldo if he will play in next world cup,cnn asks ronaldo play next world cup,cnn asks ronaldo play next world cup
CNN,CNN asks Ronaldo if helium will dally in next Populace Cup,cnn asks ronaldo if helium will dally in next populace cup,cnn asks ronaldo if helium will dally in next populace cup,cnn asks ronaldo helium dally next populace cup,cnn asks ronaldo helium dally next populace cup
CNN,Tennis icons discuss their rivalry,tennis icons discuss their rivalry,tennis icons discuss their rivalry,tennis icons discuss rivalry,tennis icon discus rivalry
CNN,Lawn tennis icon discuss their rivalry,lawn tennis icon discuss their rivalry,lawn tennis icon discuss their rivalry,lawn tennis icon discuss rivalry,lawn tennis icon discus rivalry
CNN,The tallest king and queen of New York were crowned,the tallest king and queen of new york were crowned,the tallest king and queen of new york were crowned,tallest king queen new york crowned,tallest king queen new york crowned
CNN,The tallest king and queer of New York constitute crown,the tallest king and queer of new york constitute crown,the tallest king and queer of new york constitute crown,tallest king queer new york constitute crown,tallest king queer new york constitute crown
CNN,Travelers and stave left stranded after hotel chain ’ s sudden closure,travelers and stave left stranded after hotel chain ’ s sudden closure,travelers and stave left stranded after hotel chain  s sudden closure,travelers stave left stranded hotel chain sudden closure,traveler stave left stranded hotel chain sudden closure
CNN,JFK’s grandson announces run for Congress,jfk’s grandson announces run for congress,jfks grandson announces run for congress,jfks grandson announces run congress,jfk grandson announces run congress
CNN,JFK ’ s grandson announces run for Us congress,jfk ’ s grandson announces run for us congress,jfk  s grandson announces run for us congress,jfk grandson announces run us congress,jfk grandson announces run u congress
CNN,Indigenous protesters clash with COP30 security,indigenous protesters clash with cop30 security,indigenous protesters clash with cop security,indigenous protesters clash cop security,indigenous protester clash cop security
CNN,Indigenous protesters clash with COP30 security measure,indigenous protesters clash with cop30 security measure,indigenous protesters clash with cop security measure,indigenous protesters clash cop security measure,indigenous protester clash cop security measure
CNN,Venezuela mobilizes forces as largest US warship enters region,venezuela mobilizes forces as largest us warship enters region,venezuela mobilizes forces as largest us warship enters region,venezuela mobilizes forces largest us warship enters region,venezuela mobilizes force largest u warship enters region
CNN,Venezuela call up forces as largest US warship enters neighborhood,venezuela call up forces as largest us warship enters neighborhood,venezuela call up forces as largest us warship enters neighborhood,venezuela call forces largest us warship enters neighborhood,venezuela call force largest u warship enters neighborhood
CNN,"Erin Burnett: Are you really getting a $2,000 check?","erin burnett: are you really getting a $2,000 check?",erin burnett are you really getting a  check,erin burnett really getting check,erin burnett really getting check
CNN,"Erin Burnett: Be you really baffle a $ two, 000 check?","erin burnett: be you really baffle a $ two, 000 check?",erin burnett be you really baffle a  two  check,erin burnett really baffle two check,erin burnett really baffle two check
CNN,House Democrat to his Republican colleagues: ‘Where the hell have you been?’,house democrat to his republican colleagues: ‘where the hell have you been?’,house democrat to his republican colleagues where the hell have you been,house democrat republican colleagues hell,house democrat republican colleague hell
CNN,House Democrat to his Republican colleagues: ‘ Where the hell have you embody? ’,house democrat to his republican colleagues: ‘ where the hell have you embody? ’,house democrat to his republican colleagues  where the hell have you embody,house democrat republican colleagues hell embody,house democrat republican colleague hell embody
CNN,Bridge partially collapses in Prc,bridge partially collapses in prc,bridge partially collapses in prc,bridge partially collapses prc,bridge partially collapse prc
CNN,Israeli settlers launch arson attack in occupied West Bank,israeli settlers launch arson attack in occupied west bank,israeli settlers launch arson attack in occupied west bank,israeli settlers launch arson attack occupied west bank,israeli settler launch arson attack occupied west bank
CNN,Israeli settlers launch arson attack in engaged Mae west Cant,israeli settlers launch arson attack in engaged mae west cant,israeli settlers launch arson attack in engaged mae west cant,israeli settlers launch arson attack engaged mae west cant,israeli settler launch arson attack engaged mae west cant
CNN,What the next 48 hours may look like for the shutdown,what the next 48 hours may look like for the shutdown,what the next  hours may look like for the shutdown,next hours may look like shutdown,next hour may look like shutdown
CNN,What the future 48 minute may look like for the shutdown,what the future 48 minute may look like for the shutdown,what the future  minute may look like for the shutdown,future minute may look like shutdown,future minute may look like shutdown
CNN,Footage shows Russian troops approaching fundamental Ukrainian city,footage shows russian troops approaching fundamental ukrainian city,footage shows russian troops approaching fundamental ukrainian city,footage shows russian troops approaching fundamental ukrainian city,footage show russian troop approaching fundamental ukrainian city
CNN,UK suspends some intelligence sharing with US over boat strike concerns,uk suspends some intelligence sharing with us over boat strike concerns,uk suspends some intelligence sharing with us over boat strike concerns,uk suspends intelligence sharing us boat strike concerns,uk suspends intelligence sharing u boat strike concern
CNN,UK suspend some intelligence sharing with u over boat strike concerns,uk suspend some intelligence sharing with u over boat strike concerns,uk suspend some intelligence sharing with u over boat strike concerns,uk suspend intelligence sharing u boat strike concerns,uk suspend intelligence sharing u boat strike concern
CNN,Families sue Camp Mystic,families sue camp mystic,families sue camp mystic,families sue camp mystic,family sue camp mystic
CNN,Families sue Encampment Mystic,families sue encampment mystic,families sue encampment mystic,families sue encampment mystic,family sue encampment mystic
CNN,Homeless graduate can’t find full-time work in NYC,homeless graduate can’t find full-time work in nyc,homeless graduate cant find fulltime work in nyc,homeless graduate cant find fulltime work nyc,homeless graduate cant find fulltime work nyc
CNN,Homeless alumna can ’ t find full - time work in NYC,homeless alumna can ’ t find full - time work in nyc,homeless alumna can  t find full  time work in nyc,homeless alumna find full time work nyc,homeless alumna find full time work nyc
CNN,There’s a dolphin living in the Venice canals,there’s a dolphin living in the venice canals,theres a dolphin living in the venice canals,theres dolphin living venice canals,there dolphin living venice canal
CNN,There ’ s a dolphin life in the Venice channel,there ’ s a dolphin life in the venice channel,there  s a dolphin life in the venice channel,dolphin life venice channel,dolphin life venice channel
CNN,Senate candidate is latest politician to scrub ‘defund the police’ posts,senate candidate is latest politician to scrub ‘defund the police’ posts,senate candidate is latest politician to scrub defund the police posts,senate candidate latest politician scrub defund police posts,senate candidate latest politician scrub defund police post
CNN,Senate candidate is latest political leader to scrub ‘ defund the law ’ posts,senate candidate is latest political leader to scrub ‘ defund the law ’ posts,senate candidate is latest political leader to scrub  defund the law  posts,senate candidate latest political leader scrub defund law posts,senate candidate latest political leader scrub defund law post
CNN,‘Shark Tank’ judge reacts to Trump’s 50-year mortgage proposal,‘shark tank’ judge reacts to trump’s 50-year mortgage proposal,shark tank judge reacts to trumps year mortgage proposal,shark tank judge reacts trumps year mortgage proposal,shark tank judge reacts trump year mortgage proposal
CNN,‘ Shark Tank ’ judge reacts to Trump ’ s l - year mortgage proposal,‘ shark tank ’ judge reacts to trump ’ s l - year mortgage proposal,shark tank  judge reacts to trump  s l  year mortgage proposal,shark tank judge reacts trump l year mortgage proposal,shark tank judge reacts trump l year mortgage proposal
CNN,Popular gay dating apps removed in Mainland China,popular gay dating apps removed in mainland china,popular gay dating apps removed in mainland china,popular gay dating apps removed mainland china,popular gay dating apps removed mainland china
CNN,Popular gay date apps take away in Mainland China,popular gay date apps take away in mainland china,popular gay date apps take away in mainland china,popular gay date apps take away mainland china,popular gay date apps take away mainland china
CNN,Lookup continues for Rohingya refugees after boat capsizes,lookup continues for rohingya refugees after boat capsizes,lookup continues for rohingya refugees after boat capsizes,lookup continues rohingya refugees boat capsizes,lookup continues rohingya refugee boat capsizes
CNN,India on high alert after deadly blast,india on high alert after deadly blast,india on high alert after deadly blast,india high alert deadly blast,india high alert deadly blast
CNN,Republic of india on high alert after devilishly blast,republic of india on high alert after devilishly blast,republic of india on high alert after devilishly blast,republic india high alert devilishly blast,republic india high alert devilishly blast
CNN,‘ Volnado ’ spotted near Hawaii ’ s Kilauea volcanic eruption,‘ volnado ’ spotted near hawaii ’ s kilauea volcanic eruption,volnado  spotted near hawaii  s kilauea volcanic eruption,volnado spotted near hawaii kilauea volcanic eruption,volnado spotted near hawaii kilauea volcanic eruption
CNN,Meet the Welsh puppies that are stopping wildlife poachers in Africa,meet the welsh puppies that are stopping wildlife poachers in africa,meet the welsh puppies that are stopping wildlife poachers in africa,meet welsh puppies stopping wildlife poachers africa,meet welsh puppy stopping wildlife poacher africa
CNN,Sports meeting the Welsh puppies that are stopping wildlife poacher in Africa,sports meeting the welsh puppies that are stopping wildlife poacher in africa,sports meeting the welsh puppies that are stopping wildlife poacher in africa,sports meeting welsh puppies stopping wildlife poacher africa,sport meeting welsh puppy stopping wildlife poacher africa
CNN,Photos reveal creepy crawlies in extreme detail,photos reveal creepy crawlies in extreme detail,photos reveal creepy crawlies in extreme detail,photos reveal creepy crawlies extreme detail,photo reveal creepy crawlies extreme detail
CNN,Picture reveal creepy crawlies in extreme detail,picture reveal creepy crawlies in extreme detail,picture reveal creepy crawlies in extreme detail,picture reveal creepy crawlies extreme detail,picture reveal creepy crawlies extreme detail
CNN,An artist used 35 million beads to transform a supersonic jet,an artist used 35 million beads to transform a supersonic jet,an artist used  million beads to transform a supersonic jet,artist used million beads transform supersonic jet,artist used million bead transform supersonic jet
CNN,An creative person used xxxv million beads to transmute a supersonic jet,an creative person used xxxv million beads to transmute a supersonic jet,an creative person used xxxv million beads to transmute a supersonic jet,creative person used xxxv million beads transmute supersonic jet,creative person used xxxv million bead transmute supersonic jet
CNN,"In photos: The secretive, colorful world of Ghanaian funerals","in photos: the secretive, colorful world of ghanaian funerals",in photos the secretive colorful world of ghanaian funerals,photos secretive colorful world ghanaian funerals,photo secretive colorful world ghanaian funeral
CNN,"In photos: The secretive, colored world of Ghanian funerals","in photos: the secretive, colored world of ghanian funerals",in photos the secretive colored world of ghanian funerals,photos secretive colored world ghanian funerals,photo secretive colored world ghanian funeral
CNN,The baguette faces an uncertain future. How France is rethinking its iconic loaves,the baguette faces an uncertain future. how france is rethinking its iconic loaves,the baguette faces an uncertain future how france is rethinking its iconic loaves,baguette faces uncertain future france rethinking iconic loaves,baguette face uncertain future france rethinking iconic loaf
CNN,The baguette faces an incertain future. How France is rethink it iconic loaf,the baguette faces an incertain future. how france is rethink it iconic loaf,the baguette faces an incertain future how france is rethink it iconic loaf,baguette faces incertain future france rethink iconic loaf,baguette face incertain future france rethink iconic loaf
CNN,Writer David Szalay wins prestigious Booker Prize for fiction,writer david szalay wins prestigious booker prize for fiction,writer david szalay wins prestigious booker prize for fiction,writer david szalay wins prestigious booker prize fiction,writer david szalay win prestigious booker prize fiction
CNN,Writer David Szalay gain ground prestigious Booker Prize for fiction,writer david szalay gain ground prestigious booker prize for fiction,writer david szalay gain ground prestigious booker prize for fiction,writer david szalay gain ground prestigious booker prize fiction,writer david szalay gain ground prestigious booker prize fiction
CNN,Thailand ‘halts’ peace agreement with Cambodia,thailand ‘halts’ peace agreement with cambodia,thailand halts peace agreement with cambodia,thailand halts peace agreement cambodia,thailand halt peace agreement cambodia
CNN,Thailand ‘ halts ’ peace agreement with Cambodia,thailand ‘ halts ’ peace agreement with cambodia,thailand  halts  peace agreement with cambodia,thailand halts peace agreement cambodia,thailand halt peace agreement cambodia
CNN,Former French President Sarkozy released from prison pending appeal,former french president sarkozy released from prison pending appeal,former french president sarkozy released from prison pending appeal,former french president sarkozy released prison pending appeal,former french president sarkozy released prison pending appeal
CNN,Former French President Sarkozy release from prison pending appeal,former french president sarkozy release from prison pending appeal,former french president sarkozy release from prison pending appeal,former french president sarkozy release prison pending appeal,former french president sarkozy release prison pending appeal
CNN,At least 27 inmates killed by ‘asphyxiation’ in southern Ecuador in wave of prison violence,at least 27 inmates killed by ‘asphyxiation’ in southern ecuador in wave of prison violence,at least  inmates killed by asphyxiation in southern ecuador in wave of prison violence,least inmates killed asphyxiation southern ecuador wave prison violence,least inmate killed asphyxiation southern ecuador wave prison violence
CNN,At least 27 inmates stamp out by ‘ suffocation ’ in southern Republic of ecuador in wave of prison ferocity,at least 27 inmates stamp out by ‘ suffocation ’ in southern republic of ecuador in wave of prison ferocity,at least  inmates stamp out by  suffocation  in southern republic of ecuador in wave of prison ferocity,least inmates stamp suffocation southern republic ecuador wave prison ferocity,least inmate stamp suffocation southern republic ecuador wave prison ferocity
CNN,Millions of Ukrainians face dark and cold after one of Russia’s largest attacks on energy infrastructure,millions of ukrainians face dark and cold after one of russia’s largest attacks on energy infrastructure,millions of ukrainians face dark and cold after one of russias largest attacks on energy infrastructure,millions ukrainians face dark cold one russias largest attacks energy infrastructure,million ukrainian face dark cold one russia largest attack energy infrastructure
CNN,One thousand thousand of Ukrainians face dark and cold after one of Russia ’ s heavy flack on energy infrastructure,one thousand thousand of ukrainians face dark and cold after one of russia ’ s heavy flack on energy infrastructure,one thousand thousand of ukrainians face dark and cold after one of russia  s heavy flack on energy infrastructure,one thousand thousand ukrainians face dark cold one russia heavy flack energy infrastructure,one thousand thousand ukrainian face dark cold one russia heavy flack energy infrastructure
CNN,Syrian migrants in Germany face uncertain future as government floats repatriation,syrian migrants in germany face uncertain future as government floats repatriation,syrian migrants in germany face uncertain future as government floats repatriation,syrian migrants germany face uncertain future government floats repatriation,syrian migrant germany face uncertain future government float repatriation
CNN,Syrian migrants in Germany facial expression uncertain futurity as government floats repatriation,syrian migrants in germany facial expression uncertain futurity as government floats repatriation,syrian migrants in germany facial expression uncertain futurity as government floats repatriation,syrian migrants germany facial expression uncertain futurity government floats repatriation,syrian migrant germany facial expression uncertain futurity government float repatriation
CNN,Qantas releases first images of jet that will fly nonstop from Sydney to London and New York,qantas releases first images of jet that will fly nonstop from sydney to london and new york,qantas releases first images of jet that will fly nonstop from sydney to london and new york,qantas releases first images jet fly nonstop sydney london new york,qantas release first image jet fly nonstop sydney london new york
CNN,Qantas releases first mental image of jet that will aviate nonstop from Sydney to London and New House of york,qantas releases first mental image of jet that will aviate nonstop from sydney to london and new house of york,qantas releases first mental image of jet that will aviate nonstop from sydney to london and new house of york,qantas releases first mental image jet aviate nonstop sydney london new house york,qantas release first mental image jet aviate nonstop sydney london new house york
